,Toehold ID,Toehold sequence,Switch region,Trigger,Avg ONOFF,sdev ONOFF,Toehold Rating
11,68,AATGTATGTAATAGTTCGTCGAGGTGTCCAAGCAGAGGAGATGGACAATGCGACGAACT,AATGTATGTAATAGTTCGTCGAGGTGTCCA,TGGACACCTCGACGAACTATTACATACATT,24.8,2.2,Bad
117,110,ATGATAATGTAGAGGTGCGGAGTGATTGTAAACAGAGGAGATACAATATGTCCGCACCT,ATGATAATGTAGAGGTGCGGAGTGATTGTA,TACAATCACTCCGCACCTCTACATTATCAT,9.7,1.1,Bad
108,100,CGAAGTATTGTAAGGTGTAGTGTGCGTTGAGACAGAGGAGATCAACGATGACTACACCT,CGAAGTATTGTAAGGTGTAGTGTGCGTTGA,TCAACGCACACTACACCTTACAATACTTCG,13.6,1.5,Bad
122,116,TAAGTAAATGAAAGTGTATGTATGTTGCTGGACAGAGGAGACAGCAAATGACATACACT,TAAGTAAATGAAAGTGTATGTATGTTGCTG,CAGCAACATACATACACTTTCATTTACTTA,8.7,1.1,Bad
17,117,TCAATAAGGCGGAGTTCGTCGAGGTGCCTGAGCAGAGGAGACAGGCAATGCGACGAACT,TCAATAAGGCGGAGTTCGTCGAGGTGCCTG,CAGGCACCTCGACGAACTCCGCCTTATTGA,8.5,1.4,Bad
29,7,ATCACTTATTGTCGTCTTTGTATGTCTGTAAACAGAGGAGATACAGAATGACAAAGACG,ATCACTTATTGTCGTCTTTGTATGTCTGTA,TACAGACATACAAAGACGACAATAAGTGAT,213.3,28.3,Good
84,75,TGATGATATTGACGGGTTAGTATGTGTAGAAACAGAGGAGATCTACAATGACTAACCCG,TGATGATATTGACGGGTTAGTATGTGTAGA,TCTACACATACTAACCCGTCAATATCATCA,22.3,1.3,Bad
155,155,CGAAGATTGAAGTAGGTATGGATGATGTAAGACAGAGGAGATTACATATGCCATACCTA,CGAAGATTGAAGTAGGTATGGATGATGTAA,TTACATCATCCATACCTACTTCAATCTTCG,1.2,0.2,Bad
112,105,TACTATGATTTACGCTTGTCTATGTTGATGGACAGAGGAGACATCAAATGAGACAAGCG,TACTATGATTTACGCTTGTCTATGTTGATG,CATCAACATAGACAAGCGTAAATCATAGTA,11.4,1.2,Bad
44,24,TAAAGATGAGAACGCTTGTGAATGATGTGAAACAGAGGAGATCACATATGTCACAAGCG,TAAAGATGAGAACGCTTGTGAATGATGTGA,TCACATCATTCACAAGCGTTCTCATCTTTA,74.8,13.0,Good
123,118,TAATGGATTTGTCGTCGTGTTATGGTCTTGGACAGAGGAGACAAGACATGAACACGACG,TAATGGATTTGTCGTCGTGTTATGGTCTTG,CAAGACCATAACACGACGACAAATCCATTA,8.4,0.3,Bad
138,136,AATACTTATACTCCGATGATTGTGACTTGAGACAGAGGAGATCAAGTATGAATCATCGG,AATACTTATACTCCGATGATTGTGACTTGA,TCAAGTCACAATCATCGGAGTATAAGTATT,3.1,0.6,Bad
144,142,TAAGAATTGATATAGATGACGATGGTATTGAACAGAGGAGACAATACATGCGTCATCTA,TAAGAATTGATATAGATGACGATGGTATTG,CAATACCATCGTCATCTATATCAATTCTTA,2.1,1.0,Bad
19,124,CAATTGTAATGTAGTTCGTCGAGGTGTCCAAGCAGAGGAGATGGACAATGCGACGAACT,CAATTGTAATGTAGTTCGTCGAGGTGTCCA,TGGACACCTCGACGAACTACATTACAATTG,6.4,0.5,Bad
100,92,CGATATACTTAAGATTTGGCTATGATGTTAAACAGAGGAGATAACATATGAGCCAAATC,CGATATACTTAAGATTTGGCTATGATGTTA,TAACATCATAGCCAAATCTTAAGTATATCG,16.9,1.9,Bad
36,16,TAAGAATGATAAAGGTAAGTAGTGAGTTGAAACAGAGGAGATCAACTATGTACTTACCT,TAAGAATGATAAAGGTAAGTAGTGAGTTGA,TCAACTCACTACTTACCTTTATCATTCTTA,123.2,23.0,Good
61,41,AATAGTAAATGTCGATGTGCTGTGTAGTTAAACAGAGGAGATAACTAATGAGCACATCG,AATAGTAAATGTCGATGTGCTGTGTAGTTA,TAACTACACAGCACATCGACATTTACTATT,48.3,4.1,Good
54,34,AGTAATGATGATATAGTTTGAATGTAGTGAAACAGAGGAGATCACTAATGTCAAACTAT,AGTAATGATGATATAGTTTGAATGTAGTGA,TCACTACATTCAAACTATATCATCATTACT,57.1,5.0,Good
139,137,TGAATGATAATGGATGGTGAGATGATTGTAGACAGAGGAGATACAATATGCTCACCATC,TGAATGATAATGGATGGTGAGATGATTGTA,TACAATCATCTCACCATCCATTATCATTCA,2.9,0.8,Bad
165,166,AATGGAATGAGACGTGAGATAATGTAGTGAGACAGAGGAGATCACTAATGTATCTCACG,AATGGAATGAGACGTGAGATAATGTAGTGA,TCACTACATTATCTCACGTCTCATTCCATT,0.9,0.1,Bad
148,147,CGAAATGAAATGAGTGAGTGGATGGTATGAGACAGAGGAGATCATACATGCCACTCACT,CGAAATGAAATGAGTGAGTGGATGGTATGA,TCATACCATCCACTCACTCATTTCATTTCG,1.9,0.5,Bad
97,89,TAAGATGAGATGGCGAGTGTGATGATTGTAAACAGAGGAGATACAATATGCACACTCGC,TAAGATGAGATGGCGAGTGTGATGATTGTA,TACAATCATCACACTCGCCATCTCATCTTA,17.4,2.0,Bad
6,55,AATGATATGTGTAGTTCGTCGAGGTGTCCAAGCAGAGGAGATGGACAATGCGACGAACT,AATGATATGTGTAGTTCGTCGAGGTGTCCA,TGGACACCTCGACGAACTACACATATCATT,33.9,3.7,Bad
161,162,AGTTTGAATTGTCTGATGATTATGTGCTTGGACAGAGGAGACAAGCAATGAATCATCAG,AGTTTGAATTGTCTGATGATTATGTGCTTG,CAAGCACATAATCATCAGACAATTCAAACT,1.1,0.1,Bad
88,79,ATGTATGATGAATCGCGATGAATAGTGTAGAACAGAGGAGACTACACATGTCATCGCGA,ATGTATGATGAATCGCGATGAATAGTGTAG,CTACACTATTCATCGCGATTCATCATACAT,19.7,2.6,Bad
10,64,TACAAGATATAGAGTTCGTCGAGGCTTAGAAGCAGAGGAGATCTAAGATGCGACGAACT,TACAAGATATAGAGTTCGTCGAGGCTTAGA,TCTAAGCCTCGACGAACTCTATATCTTGTA,29.1,2.7,Bad
159,160,TAAGATATGATAGAAATGCGGAAGTCGTTAGACAGAGGAGATAACGAATGCCGCATTTC,TAAGATATGATAGAAATGCGGAAGTCGTTA,TAACGACTTCCGCATTTCTATCATATCTTA,1.1,0.2,Bad
149,148,ATACTTATGATGGATGATGGGATGGAATTGAACAGAGGAGACAATTCATGCCCATCATC,ATACTTATGATGGATGATGGGATGGAATTG,CAATTCCATCCCATCATCCATCATAAGTAT,1.9,0.2,Bad
154,154,ATATTGATTTGAGCGAAGTAGATGTGCGGAAACAGAGGAGATCCGCAATGCTACTTCGC,ATATTGATTTGAGCGAAGTAGATGTGCGGA,TCCGCACATCTACTTCGCTCAAATCAATAT,1.3,0.2,Bad
67,50,ATGGAATTGAATCTTGTCTTGAGGTGCTTAAACAGAGGAGATAAGCAATGCAAGACAAG,ATGGAATTGAATCTTGTCTTGAGGTGCTTA,TAAGCACCTCAAGACAAGATTCAATTCCAT,38.2,4.7,Bad
87,78,ATATGTAATTGTAGTCTTGTTATGTTGCTGAACAGAGGAGACAGCAAATGAACAAGACT,ATATGTAATTGTAGTCTTGTTATGTTGCTG,CAGCAACATAACAAGACTACAATTACATAT,19.9,1.8,Bad
31,9,CGAAAGTGTATGGCTGATATGATGTAGTTAAACAGAGGAGATAACTAATGCATATCAGC,CGAAAGTGTATGGCTGATATGATGTAGTTA,TAACTACATCATATCAGCCATACACTTTCG,194.4,31.3,Good
21,145,AATTGATATTGTGAAGTTAGGATGGTAGTGAACAGAGGAGACACTACATGCCTAACTTC,AATTGATATTGTGAAGTTAGGATGGTAGTG,CACTACCATCCTAACTTCACAATATCAATT,2.0,1.3,Bad
106,98,AGTAATTGATGAAGATTTGATATGTTAGTGGACAGAGGAGACACTAAATGATCAAATCT,AGTAATTGATGAAGATTTGATATGTTAGTG,CACTAACATATCAAATCTTCATCAATTACT,15.7,0.6,Bad
113,106,AATTGGATGAAGACGGGAATGAAGACTATGAACAGAGGAGACATAGTATGCATTCCCGT,AATTGGATGAAGACGGGAATGAAGACTATG,CATAGTCTTCATTCCCGTCTTCATCCAATT,11.0,1.7,Bad
40,20,CGTTAATCTCTGGCTTGCTTTATGTCTGTAAACAGAGGAGATACAGAATGAAAGCAAGC,CGTTAATCTCTGGCTTGCTTTATGTCTGTA,TACAGACATAAAGCAAGCCAGAGATTAACG,101.9,8.4,Good
136,133,TAGATTAAGAACGATGAAGATATGATAGTGGACAGAGGAGACACTATATGATCTTCATC,TAGATTAAGAACGATGAAGATATGATAGTG,CACTATCATATCTTCATCGTTCTTAATCTA,3.7,0.8,Bad
130,127,ATAAGATGATGTGAAATGCGAATGTTAGTGGACAGAGGAGACACTAAATGTCGCATTTC,ATAAGATGATGTGAAATGCGAATGTTAGTG,CACTAACATTCGCATTTCACATCATCTTAT,5.8,0.8,Bad
132,129,TGATAATGATGACGGTAATAGATAGTGTAGGACAGAGGAGACTACACATGCTATTACCG,TGATAATGATGACGGTAATAGATAGTGTAG,CTACACTATCTATTACCGTCATCATTATCA,4.7,0.4,Bad
79,67,ATGAAATGAATGACGAATTGGATGTATGTGAACAGAGGAGACACATAATGCCAATTCGT,ATGAAATGAATGACGAATTGGATGTATGTG,CACATACATCCAATTCGTCATTCATTTCAT,24.9,5.8,Bad
150,149,TAAGATGATGAAGATGGTAAGATGGAGTGAAACAGAGGAGATCACTCATGCTTACCATC,TAAGATGATGAAGATGGTAAGATGGAGTGA,TCACTCCATCTTACCATCTTCATCATCTTA,1.9,0.2,Bad
134,131,TAAGTAAATGATCGTGATGTTATGTGTATGGACAGAGGAGACATACAATGAACATCACG,TAAGTAAATGATCGTGATGTTATGTGTATG,CATACACATAACATCACGATCATTTACTTA,4.5,0.5,Bad
98,90,ATGAATTTGATAGATTTGAGTAAGTGTTAGGACAGAGGAGACTAACAATGACTCAAATC,ATGAATTTGATAGATTTGAGTAAGTGTTAG,CTAACACTTACTCAAATCTATCAAATTCAT,17.2,1.5,Bad
162,163,CGAAATCTTGAGCGCTAGTGTATATGTTCGGACAGAGGAGACGAACAATGACACTAGCG,CGAAATCTTGAGCGCTAGTGTATATGTTCG,CGAACATATACACTAGCGCTCAAGATTTCG,1.0,0.2,Bad
102,94,AATTGGAATGAGACGGTATGGAGGCTTTAGGACAGAGGAGACTAAAGATGCCATACCGT,AATTGGAATGAGACGGTATGGAGGCTTTAG,CTAAAGCCTCCATACCGTCTCATTCCAATT,16.6,0.9,Bad
78,66,AATGGAAATGGTCGTCTGTGTATAGTGTCAGACAGAGGAGATGACACATGACACAGACG,AATGGAAATGGTCGTCTGTGTATAGTGTCA,TGACACTATACACAGACGACCATTTCCATT,26.2,2.2,Bad
20,134,AATTGATATTGTTCGTATGTTATGTCGCCGAACAGAGGAGACGGCGAATGAACATACGA,AATTGATATTGTTCGTATGTTATGTCGCCG,CGGCGACATAACATACGAACAATATCAATT,3.3,0.1,Bad
157,157,ATGGAATTTGAGACTGATTGAACGGGCTTAGACAGAGGAGATAAGCCATGTCAATCAGT,ATGGAATTTGAGACTGATTGAACGGGCTTA,TAAGCCCGTTCAATCAGTCTCAAATTCCAT,1.2,0.1,Bad
160,161,ATTGGAATTGATGAGGTGGATATGGTAATGGACAGAGGAGACATTACATGATCCACCTC,ATTGGAATTGATGAGGTGGATATGGTAATG,CATTACCATATCCACCTCATCAATTCCAAT,1.1,0.1,Bad
50,30,TAAAGATGATAAGATGTGAGTAAGGTAGTAAACAGAGGAGATACTACATGACTCACATC,TAAAGATGATAAGATGTGAGTAAGGTAGTA,TACTACCTTACTCACATCTTATCATCTTTA,63.0,5.6,Good
164,165,ATCGATGTATGTAGTTATTGTATGTCCGTGAACAGAGGAGACACGGAATGACAATAACT,ATCGATGTATGTAGTTATTGTATGTCCGTG,CACGGACATACAATAACTACATACATCGAT,0.9,0.1,Bad
41,21,TAAAGATGAAACGCGTGAATGATAGTATTGAACAGAGGAGACAATACATGCATTCACGC,TAAAGATGAAACGCGTGAATGATAGTATTG,CAATACTATCATTCACGCGTTTCATCTTTA,86.6,14.5,Good
140,138,TAAATGGAATGAGATGGTGCGAAGGTATGAGACAGAGGAGATCATACATGCGCACCATC,TAAATGGAATGAGATGGTGCGAAGGTATGA,TCATACCTTCGCACCATCTCATTCCATTTA,2.9,0.1,Bad
16,112,ATCTTGTATTGTAGTTCGTCGAGGGTATGAAGCAGAGGAGATCATACATGCGACGAACT,ATCTTGTATTGTAGTTCGTCGAGGGTATGA,TCATACCCTCGACGAACTACAATACAAGAT,9.4,1.5,Bad
151,150,AATTTGAATTTGGCTGTTAGTATGATGTCGGACAGAGGAGACGACATATGACTAACAGC,AATTTGAATTTGGCTGTTAGTATGATGTCG,CGACATCATACTAACAGCCAAATTCAAATT,1.6,1.5,Bad
156,156,CGAAAGTATATGCGGTAGATGATGCGTTAGGACAGAGGAGACTAACGATGCATCTACCG,CGAAAGTATATGCGGTAGATGATGCGTTAG,CTAACGCATCATCTACCGCATATACTTTCG,1.2,0.1,Bad
4,46,AATTGATATTGTGCTGTTTATGTGCGTTCGGACAGAGGAGACGAACGATGATAAACAGC,AATTGATATTGTGCTGTTTATGTGCGTTCG,CGAACGCACATAAACAGCACAATATCAATT,40.5,2.7,Bad
22,151,TATCCTTATTCTAGTTCGTCGAGGTGTCCAAGCAGAGGAGATGGACAATGCGACGAACT,TATCCTTATTCTAGTTCGTCGAGGTGTCCA,TGGACACCTCGACGAACTAGAATAAGGATA,1.5,0.2,Bad
7,56,ATAATGTAAGTAAGTTCGTCGAGGTGTCCAAGCAGAGGAGATGGACAATGCGACGAACT,ATAATGTAAGTAAGTTCGTCGAGGTGTCCA,TGGACACCTCGACGAACTTACTTACATTAT,33.8,2.0,Bad
37,17,CGATAAAGACTGAGGCTGGGTATGGTTAGAAACAGAGGAGATCTAACATGACCCAGCCT,CGATAAAGACTGAGGCTGGGTATGGTTAGA,TCTAACCATACCCAGCCTCAGTCTTTATCG,122.6,0.8,Good
158,158,TGATAATGAATAGATGAATGAAAGTTGTAGGACAGAGGAGACTACAAATGTCATTCATC,TGATAATGAATAGATGAATGAAAGTTGTAG,CTACAACTTTCATTCATCTATTCATTATCA,1.2,0.1,Bad
111,104,CATTCTATTCTACCGTATTCTATGTGCTTGAACAGAGGAGACAAGCAATGAGAATACGG,CATTCTATTCTACCGTATTCTATGTGCTTG,CAAGCACATAGAATACGGTAGAATAGAATG,12.2,1.3,Bad
59,39,TAAGATGATAAGAGTATAGATATGTTGATGGACAGAGGAGACATCAAATGATCTATACT,TAAGATGATAAGAGTATAGATATGTTGATG,CATCAACATATCTATACTCTTATCATCTTA,48.7,2.9,Good
92,83,ATCTAAATGTTCGCTAATAGTATGTTCGTGAACAGAGGAGACACGAAATGACTATTAGC,ATCTAAATGTTCGCTAATAGTATGTTCGTG,CACGAACATACTATTAGCGAACATTTAGAT,18.6,2.0,Bad
137,135,TGATAAAGATAGAGTTAGTGTATGCGTTCGGACAGAGGAGACGAACGATGACACTAACT,TGATAAAGATAGAGTTAGTGTATGCGTTCG,CGAACGCATACACTAACTCTATCTTTATCA,3.2,2.8,Bad
0,4,AATTGATATTGTGATTATGTGATGATTGTAAACAGAGGAGATACAATATGCACATAATC,AATTGATATTGTGATTATGTGATGATTGTA,TACAATCATCACATAATCACAATATCAATT,264.6,19.9,Good
75,61,TATGAATTTGAATCTGCTGTTATGTATCTGGACAGAGGAGACAGATAATGAACAGCAGA,TATGAATTTGAATCTGCTGTTATGTATCTG,CAGATACATAACAGCAGATTCAAATTCATA,30.0,3.4,Bad
107,99,ATAAGATGAAATGAGTGTAAGATGTGATAGGACAGAGGAGACTATCAATGCTTACACTC,ATAAGATGAAATGAGTGTAAGATGTGATAG,CTATCACATCTTACACTCATTTCATCTTAT,15.2,1.0,Bad
66,49,ATGATGAGATGAGAGTGTAGGATGAGTTAGAACAGAGGAGACTAACTATGCCTACACTC,ATGATGAGATGAGAGTGTAGGATGAGTTAG,CTAACTCATCCTACACTCTCATCTCATCAT,38.7,4.7,Bad
76,62,TAGAAATTGAAGGCTTGTCGTATGTGTATGGACAGAGGAGACATACAATGACGACAAGC,TAGAAATTGAAGGCTTGTCGTATGTGTATG,CATACACATACGACAAGCCTTCAATTTCTA,29.4,2.5,Bad
68,51,TAAGATGATATGACTGTGATTATGGATTCGGACAGAGGAGACGAATCATGAATCACAGT,TAAGATGATATGACTGTGATTATGGATTCG,CGAATCCATAATCACAGTCATATCATCTTA,37.6,4.8,Bad
125,120,CGACGCACCTAGAACTTGAATATGTTACCGAACAGAGGAGACGGTAAATGATTCAAGTT,CGACGCACCTAGAACTTGAATATGTTACCG,CGGTAACATATTCAAGTTCTAGGTGCGTCG,7.7,4.5,Bad
152,152,TAAAGATAATGTGAATAAGTAATAGTGATGGACAGAGGAGACATCACATGTACTTATTC,TAAAGATAATGTGAATAAGTAATAGTGATG,CATCACTATTACTTATTCACATTATCTTTA,1.4,0.2,Bad
73,58,TAAGATTTGTATAGGTAGTAGAAGTTGTCAGACAGAGGAGATGACAAATGCTACTACCT,TAAGATTTGTATAGGTAGTAGAAGTTGTCA,TGACAACTTCTACTACCTATACAAATCTTA,32.7,1.6,Bad
86,77,TGATGTGTAATGAGGTAGTGCGTGTTCTAGGACAGAGGAGACTAGAAATGGCACTACCT,TGATGTGTAATGAGGTAGTGCGTGTTCTAG,CTAGAACACGCACTACCTCATTACACATCA,21.0,2.5,Bad
145,143,AGTAAATGAATGCGAGAATAGAGGCTTGTAAACAGAGGAGATACAAGATGCTATTCTCG,AGTAAATGAATGCGAGAATAGAGGCTTGTA,TACAAGCCTCTATTCTCGCATTCATTTACT,2.0,1.2,Bad
89,80,TGAATTTGATTGACTAGAATGATGATACGAAACAGAGGAGATCGTATATGCATTCTAGT,TGAATTTGATTGACTAGAATGATGATACGA,TCGTATCATCATTCTAGTCAATCAAATTCA,19.5,3.0,Bad
49,29,AGTTTGAATATGGCGAAATGAATGCTTTGAAACAGAGGAGATCAAAGATGTCATTTCGC,AGTTTGAATATGGCGAAATGAATGCTTTGA,TCAAAGCATTCATTTCGCCATATTCAAACT,63.1,6.6,Good
142,140,AGTAAATGATGAGATGGATGGATGTGAGTAGACAGAGGAGATACTCAATGCCATCCATC,AGTAAATGATGAGATGGATGGATGTGAGTA,TACTCACATCCATCCATCTCATCATTTACT,2.6,0.2,Bad
38,18,ATAGATGATTGTGCTTAGTTTATGATTCTGAACAGAGGAGACAGAATATGAAACTAAGC,ATAGATGATTGTGCTTAGTTTATGATTCTG,CAGAATCATAAACTAAGCACAATCATCTAT,115.1,7.9,Good
83,74,AATTTGGATGATGAGTGTATAGTGGATTAGGACAGAGGAGACTAATCATGTATACACTC,AATTTGGATGATGAGTGTATAGTGGATTAG,CTAATCCACTATACACTCATCATCCAAATT,22.5,3.3,Bad
48,28,ATAGAAATTGATCGTTAGTTTATGTTGCCGGACAGAGGAGACGGCAAATGAAACTAACG,ATAGAAATTGATCGTTAGTTTATGTTGCCG,CGGCAACATAAACTAACGATCAATTTCTAT,66.9,8.0,Good
69,52,CATTACTTTATCTCGTGCCTTATGTTGCTGAACAGAGGAGACAGCAAATGAAGGCACGA,CATTACTTTATCTCGTGCCTTATGTTGCTG,CAGCAACATAAGGCACGAGATAAAGTAATG,37.3,2.2,Bad
85,76,AGTAAAGTAAGTGATAGTAAGATGTTGCGAAACAGAGGAGATCGCAAATGCTTACTATC,AGTAAAGTAAGTGATAGTAAGATGTTGCGA,TCGCAACATCTTACTATCACTTACTTTACT,22.0,2.1,Bad
34,13,TAGAATTTGATACTTGATTTGATGGCTTGAAACAGAGGAGATCAAGCATGCAAATCAAG,TAGAATTTGATACTTGATTTGATGGCTTGA,TCAAGCCATCAAATCAAGTATCAAATTCTA,155.3,8.6,Good
5,48,CTCATTATCTATAGTTCGTCGAGGGTCTTAAGCAGAGGAGATAAGACATGCGACGAACT,CTCATTATCTATAGTTCGTCGAGGGTCTTA,TAAGACCCTCGACGAACTATAGATAATGAG,39.1,6.7,Bad
124,119,TAAGAATGATAAAGTGGCAGTAAGGTTTCGGACAGAGGAGACGAAACATGACTGCCACT,TAAGAATGATAAAGTGGCAGTAAGGTTTCG,CGAAACCTTACTGCCACTTTATCATTCTTA,8.1,0.5,Bad
118,111,ATGGATGGATAAGAGTAAAGTATGTATGTGGACAGAGGAGACACATAATGACTTTACTC,ATGGATGGATAAGAGTAAAGTATGTATGTG,CACATACATACTTTACTCTTATCCATCCAT,9.6,6.4,Bad
23,159,CGTATATCATTAAGTTCGTCGAGGTCCGTGAGCAGAGGAGACACGGAATGCGACGAACT,CGTATATCATTAAGTTCGTCGAGGTCCGTG,CACGGACCTCGACGAACTTAATGATATACG,1.1,0.1,Bad
163,164,ATAAGATGAGATAATGAGATGAAGTTGGCGGACAGAGGAGACGCCAAATGCATCTCATT,ATAAGATGAGATAATGAGATGAAGTTGGCG,CGCCAACTTCATCTCATTATCTCATCTTAT,1.0,0.1,Bad
45,25,TGATAGATGAAGGCAGGCGTTATAGTTTAGAACAGAGGAGACTAAACATGAACGCCTGC,TGATAGATGAAGGCAGGCGTTATAGTTTAG,CTAAACTATAACGCCTGCCTTCATCTATCA,72.6,3.7,Good
91,82,ATCAATGTATAGGCGTAGTGCAAGGTTCTGGACAGAGGAGACAGAACATGGCACTACGC,ATCAATGTATAGGCGTAGTGCAAGGTTCTG,CAGAACCTTGCACTACGCCTATACATTGAT,18.7,1.9,Bad
64,45,ATAGAGACGAAAGCTAAGTGTATGTGTCGGGACAGAGGAGACCGACAATGACACTTAGC,ATAGAGACGAAAGCTAAGTGTATGTGTCGG,CCGACACATACACTTAGCTTTCGTCTCTAT,41.4,5.1,Bad
32,11,TAAGATTTGATGGCTATTTGTACGTGTTCGAACAGAGGAGACGAACAATGACAAATAGC,TAAGATTTGATGGCTATTTGTACGTGTTCG,CGAACACGTACAAATAGCCATCAAATCTTA,181.2,13.0,Good
143,141,AATAAGAATAAGGCGAGAATGAAGGTACGGAACAGAGGAGACCGTACATGCATTCTCGC,AATAAGAATAAGGCGAGAATGAAGGTACGG,CCGTACCTTCATTCTCGCCTTATTCTTATT,2.2,0.3,Bad
115,108,TCAATCTATTTCGCTTTGTCTATATGTTCGGACAGAGGAGACGAACAATGAGACAAAGC,TCAATCTATTTCGCTTTGTCTATATGTTCG,CGAACATATAGACAAAGCGAAATAGATTGA,9.9,0.6,Bad
15,101,TTATTCCTGTATAGTTCGTCGAGGTGTCCAAGCAGAGGAGATGGACAATGCGACGAACT,TTATTCCTGTATAGTTCGTCGAGGTGTCCA,TGGACACCTCGACGAACTATACAGGAATAA,13.1,3.1,Bad
72,57,ATATACTTAAGACTGTGATTGATGCTGTGAAACAGAGGAGATCACAGATGCAATCACAG,ATATACTTAAGACTGTGATTGATGCTGTGA,TCACAGCATCAATCACAGTCTTAAGTATAT,33.3,3.5,Bad
94,85,AGTGTATGAAATGATGAAAGTGTGATTGTAGACAGAGGAGATACAATATGACTTTCATC,AGTGTATGAAATGATGAAAGTGTGATTGTA,TACAATCACACTTTCATCATTTCATACACT,18.4,1.7,Bad
52,32,TCAATTTCGTATTAGTATGTTATGGTTCTGAACAGAGGAGACAGAACATGAACATACTA,TCAATTTCGTATTAGTATGTTATGGTTCTG,CAGAACCATAACATACTAATACGAAATTGA,59.4,7.6,Good
95,86,AGTAAAGATATGGAAGTGCAGATGTATGTAGACAGAGGAGATACATAATGCTGCACTTC,AGTAAAGATATGGAAGTGCAGATGTATGTA,TACATACATCTGCACTTCCATATCTTTACT,18.0,1.9,Bad
27,5,TAGATATTGAATGCTGCTGTTATGTCGTTAAACAGAGGAGATAACGAATGAACAGCAGC,TAGATATTGAATGCTGCTGTTATGTCGTTA,TAACGACATAACAGCAGCATTCAATATCTA,253.0,12.5,Good
129,126,ATATGATGATTAGATTAAGGTATAGTTTCGGACAGAGGAGACGAAACATGACCTTAATC,ATATGATGATTAGATTAAGGTATAGTTTCG,CGAAACTATACCTTAATCTAATCATCATAT,5.9,0.6,Bad
104,96,AGTATATGAAATTCTGTAGTTATGTGTCCGGACAGAGGAGACGGACAATGAACTACAGA,AGTATATGAAATTCTGTAGTTATGTGTCCG,CGGACACATAACTACAGAATTTCATATACT,16.1,1.8,Bad
81,71,AGTATGAATGAGAGTATGTGGATGTAGTGAAACAGAGGAGATCACTAATGCCACATACT,AGTATGAATGAGAGTATGTGGATGTAGTGA,TCACTACATCCACATACTCTCATTCATACT,23.9,3.3,Bad
166,167,TGATTTGATTGTAGGTGGCTGGTCGTGTAAGACAGAGGAGATTACACATGCAGCCACCT,TGATTTGATTGTAGGTGGCTGGTCGTGTAA,TTACACGACCAGCCACCTACAATCAAATCA,0.9,0.1,Bad
121,115,CGATGATTCTTGAGGTATTGTATAGTAGTGAACAGAGGAGACACTACATGACAATACCT,CGATGATTCTTGAGGTATTGTATAGTAGTG,CACTACTATACAATACCTCAAGAATCATCG,8.9,11.1,Bad
96,87,AATGGAATGATGGAATGGGTAATGGTTAGAAACAGAGGAGATCTAACATGTACCCATTC,AATGGAATGATGGAATGGGTAATGGTTAGA,TCTAACCATTACCCATTCCATCATTCCATT,18.0,2.1,Bad
99,91,ATGTAAAGTATGTCGTTTCGGATGGTTATGGACAGAGGAGACATAACATGCCGAAACGA,ATGTAAAGTATGTCGTTTCGGATGGTTATG,CATAACCATCCGAAACGACATACTTTACAT,16.9,1.9,Bad
131,128,TAAAGTAAATGAAGTAATAGAATGTTGCCGGACAGAGGAGACGGCAAATGTCTATTACT,TAAAGTAAATGAAGTAATAGAATGTTGCCG,CGGCAACATTCTATTACTTCATTTACTTTA,5.1,0.5,Bad
127,123,TAAAGTAATGAAAGTAAGATGAAGGTTATGAACAGAGGAGACATAACATGCATCTTACT,TAAAGTAATGAAAGTAAGATGAAGGTTATG,CATAACCTTCATCTTACTTTCATTACTTTA,6.8,0.9,Bad
30,8,ACAAAGATTGGTCGTTTCATTACCGTTAGAAACAGAGGAGATCTAACATGAATGAAACG,ACAAAGATTGGTCGTTTCATTACCGTTAGA,TCTAACGGTAATGAAACGACCAATCTTTGT,200.8,13.5,Good
28,6,ATAAGTAGATAAGATTGTTAGATGGCTTCGAACAGAGGAGACGAAGCATGCTAACAATC,ATAAGTAGATAAGATTGTTAGATGGCTTCG,CGAAGCCATCTAACAATCTTATCTACTTAT,219.8,16.5,Good
141,139,TAGATGGATGATAGGTGAGATATGGTTAAGGACAGAGGAGACTTAACATGATCTCACCT,TAGATGGATGATAGGTGAGATATGGTTAAG,CTTAACCATATCTCACCTATCATCCATCTA,2.6,0.2,Bad
25,2,TATAAGTAAATCGCTTGCTGTATGTCGTTAAACAGAGGAGATAACGAATGACAGCAAGC,TATAAGTAAATCGCTTGCTGTATGTCGTTA,TAACGACATACAGCAAGCGATTTACTTATA,279.6,17.6,Good
55,35,ATAATGGAGATGGAGTAGGGTATGATTGTAGACAGAGGAGATACAATATGACCCTACTC,ATAATGGAGATGGAGTAGGGTATGATTGTA,TACAATCATACCCTACTCCATCTCCATTAT,53.9,4.5,Good
128,125,ATGAATACTTGAAATGGTGCGATGATGTGAAACAGAGGAGATCACATATGCGCACCATT,ATGAATACTTGAAATGGTGCGATGATGTGA,TCACATCATCGCACCATTTCAAGTATTCAT,6.0,0.3,Bad
109,102,CGATGGTATTTGGCGTGCTATATGTGTCTGGACAGAGGAGACAGACAATGATAGCACGC,CGATGGTATTTGGCGTGCTATATGTGTCTG,CAGACACATATAGCACGCCAAATACCATCG,12.7,2.0,Bad
105,97,CGTTATGTATTGTCTATTGTTATGTCGTTGGACAGAGGAGACAACGAATGAACAATAGA,CGTTATGTATTGTCTATTGTTATGTCGTTG,CAACGACATAACAATAGACAATACATAACG,16.0,2.4,Bad
71,54,ATGGAGGCGGAAATTGTTAGTATGCCGTTAGACAGAGGAGATAACGGATGACTAACAAT,ATGGAGGCGGAAATTGTTAGTATGCCGTTA,TAACGGCATACTAACAATTTCCGCCTCCAT,36.4,3.1,Bad
51,31,ATCTAAATGTATTCGTTCGTTATGGTATTGAACAGAGGAGACAATACATGAACGAACGA,ATCTAAATGTATTCGTTCGTTATGGTATTG,CAATACCATAACGAACGAATACATTTAGAT,62.0,6.2,Good
46,26,TAAGTAATGAAGTCTAAGTGTATCGTGTCGGACAGAGGAGACGACACATGACACTTAGA,TAAGTAATGAAGTCTAAGTGTATCGTGTCG,CGACACGATACACTTAGACTTCATTACTTA,68.2,10.3,Good
33,12,AATTGGATGAAGGCGGTAAGTATGATTGTAGACAGAGGAGATACAATATGACTTACCGC,AATTGGATGAAGGCGGTAAGTATGATTGTA,TACAATCATACTTACCGCCTTCATCCAATT,169.9,16.7,Good
24,1,TGAATGAATTGTAGGCTTGTTATAGTTATGAACAGAGGAGACATAACATGAACAAGCCT,TGAATGAATTGTAGGCTTGTTATAGTTATG,CATAACTATAACAAGCCTACAATTCATTCA,292.0,19.5,Good
9,63,AATTGATATTGTAGGTTTCTGATGCGCTTAAACAGAGGAGATAAGCGATGCAGAAACCT,AATTGATATTGTAGGTTTCTGATGCGCTTA,TAAGCGCATCAGAAACCTACAATATCAATT,29.3,1.5,Bad
57,37,ATGGAGATTGATTATGATTGGATGTGCTTAAACAGAGGAGATAAGCAATGCCAATCATA,ATGGAGATTGATTATGATTGGATGTGCTTA,TAAGCACATCCAATCATAATCAATCTCCAT,52.7,1.8,Good
63,44,AATGAAATGAGACCGAATTGAATGATGTTAGACAGAGGAGATAACATATGTCAATTCGG,AATGAAATGAGACCGAATTGAATGATGTTA,TAACATCATTCAATTCGGTCTCATTTCATT,41.5,4.0,Bad
153,153,CGAATCTATATGCGTAGTACTATGGCCTTGAACAGAGGAGACAAGGCATGAGTACTACG,CGAATCTATATGCGTAGTACTATGGCCTTG,CAAGGCCATAGTACTACGCATATAGATTCG,1.3,0.2,Bad
119,113,ATAGATGAATGAGATGCTTGAATGATGTAGGACAGAGGAGACTACATATGTCAAGCATC,ATAGATGAATGAGATGCTTGAATGATGTAG,CTACATCATTCAAGCATCTCATTCATCTAT,9.0,1.4,Bad
65,47,AGTATGATATGAGAGTGTGCGATGATTCTGAACAGAGGAGACAGAATATGCGCACACTC,AGTATGATATGAGAGTGTGCGATGATTCTG,CAGAATCATCGCACACTCTCATATCATACT,39.6,3.0,Bad
43,23,TATGAATTGATGTCGATTGTTATGTCTTGAGACAGAGGAGATCAAGAATGAACAATCGA,TATGAATTGATGTCGATTGTTATGTCTTGA,TCAAGACATAACAATCGACATCAATTCATA,75.2,4.9,Good
3,42,AATTGATATTGTTAGTGTTATAGGCGTTAGAACAGAGGAGACTAACGATGATAACACTA,AATTGATATTGTTAGTGTTATAGGCGTTAG,CTAACGCCTATAACACTAACAATATCAATT,44.7,31.7,Good
8,59,AATTGATATTGTTAGTAGTGTATGATTCGGAACAGAGGAGACCGAATATGACACTACTA,AATTGATATTGTTAGTAGTGTATGATTCGG,CCGAATCATACACTACTAACAATATCAATT,32.2,6.1,Bad
82,73,AGTAAATGTGATATGTTTCCGATGCTATTGGACAGAGGAGACAATAGATGCGGAAACAT,AGTAAATGTGATATGTTTCCGATGCTATTG,CAATAGCATCGGAAACATATCACATTTACT,22.8,2.3,Bad
93,84,TATAGAAATTGAGATCGCGGTATAGGTTCGGACAGAGGAGACGAACCATGACCGCGATC,TATAGAAATTGAGATCGCGGTATAGGTTCG,CGAACCTATACCGCGATCTCAATTTCTATA,18.4,3.1,Bad
90,81,ATAAGATAAAGTGCCGTGATGATGTAGTTGAACAGAGGAGACAACTAATGCATCACGGC,ATAAGATAAAGTGCCGTGATGATGTAGTTG,CAACTACATCATCACGGCACTTTATCTTAT,18.8,1.9,Bad
120,114,CCTAAATCTTGTTATGTTCGTATGTGTCTGGACAGAGGAGACAGACAATGACGAACATA,CCTAAATCTTGTTATGTTCGTATGTGTCTG,CAGACACATACGAACATAACAAGATTTAGG,8.9,5.4,Bad
56,36,ATGAATATGGACAGTTGAGTAGTGATGTGAAACAGAGGAGATCACATATGTACTCAACT,ATGAATATGGACAGTTGAGTAGTGATGTGA,TCACATCACTACTCAACTGTCCATATTCAT,53.4,6.7,Good
60,40,ATATGATGATGAACCTTTGATATGGATTTGGACAGAGGAGACAAATCATGATCAAAGGT,ATATGATGATGAACCTTTGATATGGATTTG,CAAATCCATATCAAAGGTTCATCATCATAT,48.6,3.8,Good
116,109,TAATGGTGAAATCGTGTATGTATGTGTATGAACAGAGGAGACATACAATGACATACACG,TAATGGTGAAATCGTGTATGTATGTGTATG,CATACACATACATACACGATTTCACCATTA,9.8,1.5,Bad
1,10,AATTGATATTGTTCGTTTCGTATGATCTAAGACAGAGGAGATTAGATATGACGAAACGA,AATTGATATTGTTCGTTTCGTATGATCTAA,TTAGATCATACGAAACGAACAATATCAATT,192.4,26.9,Good
62,43,TCAAGATGTATAGATTAGTGTATGTTAGTGAACAGAGGAGACACTAAATGACACTAATC,TCAAGATGTATAGATTAGTGTATGTTAGTG,CACTAACATACACTAATCTATACATCTTGA,42.4,2.9,Bad
47,27,ATAGAATTAGAAATGAAATAGATGGTTACGAACAGAGGAGACGTAACATGCTATTTCAT,ATAGAATTAGAAATGAAATAGATGGTTACG,CGTAACCATCTATTTCATTTCTAATTCTAT,67.3,10.7,Good
18,121,AATTGATATTGTAAGTGATGTATGTTGATGAACAGAGGAGACATCAAATGACATCACTT,AATTGATATTGTAAGTGATGTATGTTGATG,CATCAACATACATCACTTACAATATCAATT,7.4,0.6,Bad
167,168,AGTAAATGAATAAGGTGATAGATGTGTATGGACAGAGGAGACATACAATGCTATCACCT,AGTAAATGAATAAGGTGATAGATGTGTATG,CATACACATCTATCACCTTATTCATTTACT,0.6,0.04,Bad
70,53,ATTGATACTTTAGACTTGATTACGTGTTCGGACAGAGGAGACGAACAATGAATCAAGTC,ATTGATACTTTAGACTTGATTACGTGTTCG,CGAACACGTAATCAAGTCTAAAGTATCAAT,36.8,5.0,Bad
58,38,AGTAAGAATTGTGATAAAGTAATGTGCGTGAACAGAGGAGACACGCAATGTACTTTATC,AGTAAGAATTGTGATAAAGTAATGTGCGTG,CACGCACATTACTTTATCACAATTCTTACT,51.0,4.5,Good
42,22,CATTAAGATTGTACTTGTAAGATCGTGTCGAACAGAGGAGACGACACATGCTTACAAGT,CATTAAGATTGTACTTGTAAGATCGTGTCG,CGACACGATCTTACAAGTACAATCTTAATG,83.1,2.0,Good
2,14,AATTGATATTGTAGTATGTTGAAGTGATTGAACAGAGGAGACAATCAATGCAACATACT,AATTGATATTGTAGTATGTTGAAGTGATTG,CAATCACTTCAACATACTACAATATCAATT,153.4,10.1,Good
14,88,AATTGATATTGTGCTAGTGTTATGATTCTGGACAGAGGAGACAGAATATGAACACTAGC,AATTGATATTGTGCTAGTGTTATGATTCTG,CAGAATCATAACACTAGCACAATATCAATT,17.7,0.7,Bad
133,130,AATAAGTATAGTGCGAATGATATGTTGCGAGACAGAGGAGATCGCAAATGATCATTCGC,AATAAGTATAGTGCGAATGATATGTTGCGA,TCGCAACATATCATTCGCACTATACTTATT,4.5,0.5,Bad
74,60,CGAAGATAATGTTAGTAGAGTATATGTGCAGACAGAGGAGATGCACAATGACTCTACTA,CGAAGATAATGTTAGTAGAGTATATGTGCA,TGCACATATACTCTACTAACATTATCTTCG,30.2,2.4,Bad
103,95,CAAATTCAATGTCTTATGTTTATGGTTCTAAACAGAGGAGATAGAACATGAAACATAAG,CAAATTCAATGTCTTATGTTTATGGTTCTA,TAGAACCATAAACATAAGACATTGAATTTG,16.2,3.1,Bad
110,103,TAAGAATTGAATGAATGGTGCGTGCTATTGGACAGAGGAGACAATAGATGGCACCATTC,TAAGAATTGAATGAATGGTGCGTGCTATTG,CAATAGCACGCACCATTCATTCAATTCTTA,12.4,0.4,Bad
101,93,TAAGATTTGTAAGATTGGAATATGTATGTGAACAGAGGAGACACATAATGATTCCAATC,TAAGATTTGTAAGATTGGAATATGTATGTG,CACATACATATTCCAATCTTACAAATCTTA,16.9,2.4,Bad
13,72,ACGCTTATACTGAGTTCGTCGAGGGTTCTGAGCAGAGGAGACAGAACATGCGACGAACT,ACGCTTATACTGAGTTCGTCGAGGGTTCTG,CAGAACCCTCGACGAACTCAGTATAAGCGT,23.3,3.8,Bad
26,3,TGATGGAATAAGGCTGTGTATATGATGTTAGACAGAGGAGATAACATATGATACACAGC,TGATGGAATAAGGCTGTGTATATGATGTTA,TAACATCATATACACAGCCTTATTCCATCA,265.3,28.2,Good
114,107,TAAGAATGAATAGAAATGATAATGATGTAGGACAGAGGAGACTACATATGTATCATTTC,TAAGAATGAATAGAAATGATAATGATGTAG,CTACATCATTATCATTTCTATTCATTCTTA,10.3,0.9,Bad
147,146,ATTGATTTACTGAGGTGATTGATGTCTATGGACAGAGGAGACATAGAATGCAATCACCT,ATTGATTTACTGAGGTGATTGATGTCTATG,CATAGACATCAATCACCTCAGTAAATCAAT,1.9,0.3,Bad
12,70,AATTGATATTGTAGTAGTTGTATGTGCGCGAACAGAGGAGACGCGCAATGACAACTACT,AATTGATATTGTAGTAGTTGTATGTGCGCG,CGCGCACATACAACTACTACAATATCAATT,24.1,3.1,Bad
77,65,ACCTGTATTCTGCGCTTCGTTATGTTCTAGGACAGAGGAGACTAGAAATGAACGAAGCG,ACCTGTATTCTGCGCTTCGTTATGTTCTAG,CTAGAACATAACGAAGCGCAGAATACAGGT,27.4,1.9,Bad
146,144,CGAGAATTGATGCGTTGATTTAGGGATTTGGACAGAGGAGACAAATCATGAAATCAACG,CGAGAATTGATGCGTTGATTTAGGGATTTG,CAAATCCCTAAATCAACGCATCAATTCTCG,2.0,1.2,Bad
135,132,AGTAAAGATGAGGCTGTGATTATGATTGCGGACAGAGGAGACGCAATATGAATCACAGC,AGTAAAGATGAGGCTGTGATTATGATTGCG,CGCAATCATAATCACAGCCTCATCTTTACT,3.8,0.3,Bad
39,19,ATAATGATGATGAGTATGTTGAAGGTGTAAGACAGAGGAGATTACACATGCAACATACT,ATAATGATGATGAGTATGTTGAAGGTGTAA,TTACACCTTCAACATACTCATCATCATTAT,103.5,10.5,Good
53,33,AATTTGGAAGTAGAGTAGTAGATAGTTATGAACAGAGGAGACATAACATGCTACTACTC,AATTTGGAAGTAGAGTAGTAGATAGTTATG,CATAACTATCTACTACTCTACTTCCAAATT,58.5,9.6,Good
80,69,ATTGATTTGTATTCGTGTTATGTGTCGTTGGACAGAGGAGACAACGAATGATAACACGA,ATTGATTTGTATTCGTGTTATGTGTCGTTG,CAACGACACATAACACGAATACAAATCAAT,24.5,2.8,Bad
126,122,AATGATTTGAAACGATGAACTACCTACTTGAACAGAGGAGACAAGTAATGAGTTCATCG,AATGATTTGAAACGATGAACTACCTACTTG,CAAGTAGGTAGTTCATCGTTTCAAATCATT,7.3,0.6,Bad
35,15,CGTTATACTTTGTCGTTCTGCGTGTCGTTAAACAGAGGAGATAACGAATGGCAGAACGA,CGTTATACTTTGTCGTTCTGCGTGTCGTTA,TAACGACACGCAGAACGACAAAGTATAACG,124.7,11.0,Good
