seq,immunogenic,name
Man(a1-6)[Xyl(b1-2)]Man(b1-4)GlcNAc(b1-4)GlcNAc,1,MUX
Man(a1-6)[Xyl(b1-2)]Man(b1-4)GlcNAc(b1-4)[Fuc(a1-3)]GlcNAc,1,MUXF3
Man(a1-6)[Man(a1-3)]Man(b1-4)GlcNAc(b1-4)[Fuc(a1-3)]GlcNAc,1,MMF3
Man(a1-6)[Man(a1-3)]Man(b1-4)GlcNAc(b1-4)[Fuc(a1-6)][Fuc(a1-3)]GlcNAc,1,MMF3F6
Man(a1-6)[Man(a1-3)]Man(b1-4)GlcNAc(b1-4)GlcNAc,1,MM
GlcNAc(b1-2)Man(a1-6)[GlcNAc(b1-2)Man(a1-3)]Man(b1-4)GlcNAc(b1-4)GlcNAc,1,GnGn
Gal(b1-4)GlcNAc(b1-2)Man(a1-6)[Gal(b1-4)GlcNAc(b1-2)Man(a1-3)]Man(b1-4)GlcNAc(b1-4)GlcNAc,1,GalGal
GalNAc(b1-4)GlcNAc(b1-2)Man(a1-6)[GalNAc(b1-4)GlcNAc(b1-2)Man(a1-3)]Man(b1-4)GlcNAc(b1-4)GlcNAc,1,bGnbGn
Man(a1-6)[Man(a1-3)][Xyl(b1-2)]Man(b1-4)GlcNAc(b1-4)[Fuc(a1-3)]GlcNAc,1,HRP
Man(a1-6)[Man(a1-3)]Man(b1-4)GlcNAc(b1-4)[Fuc(a1-6)][Fuc(a1-3)]GlcNAc,1,PLA2
Man(a1-6)[Man(a1-3)][Xyl(b1-2)]Man(b1-4)GlcNAc(b1-4)[Fuc(a1-6)]GlcNAc,1,Hemocyanin
Rha(a1-2)Rha(a1-2)Rha(a1-2)Glc(a1-3)GlcNAcOAc,1,O19ab_antigen
GlcNAc(b1-4)Gal(b1-4)GlcNAc,1,a1
GlcNAc(b1-6)[GlcNAc(b1-4)]GalNAc,1,a2
Gal(b1-4)Gal(b1-4)GlcNAc,1,a3
Gal(b1-3)GlcNAc(a1-3)Gal(b1-3)GlcNAc,1,a4
Gal(b1-3)GlcNAc(b1-3)Gal(b1-4)GlcNAc,1,a5
Gal(a1-3)Gal(b1-4)GalNAc,1,Galili
GalNAc(a1-3)GalNAc(b1-3)Gal(a1-4)Gal(b1-4)Glc,1,Forssman
NeuNGc(a2-3)Gal(b1-4)Glc,1,Hanganutziu_Deicher
NeuNAc(a2-3)Gal(b1-3)GlcNAc,1,SiaLe
Gal(b1-3)GalNAc(b1-4)Gal(b1-4)Glc,1,TACA1
GlcNAc(b1-3)[GlcNAc(b1-6)]GalNAc,1,core4
Gal(b1-3)GlcNAc(b1-3)Gal(b1-4)Glc,1,LNT
GalNAc(b1-4)Gal(b1-4)Glc,1,GA2
Gal(b1-4)GlcNAc(b1-3)Gal(b1-4)Glc,1,LNnT
Gal(b1-4)GlcNAc(b1-6)GalNAc,1,TACA2
Gal(b1-3)GalNAc(b1-3)Gal(a1-4)Gal(b1-4)Glc,1,Gb5
GlcOSA(b1-3)Gal(b1-4)GlcNAc,1,HNK-1
NeuNAc(a2-3)Gal(b1-4)GlcNAc(b1-2)Man,1,O-Mannosyl Glycan / Mammalian
Man(a1-2)Man(a1-2)Man,1,O-Mannosyl Glycan / Yeast
NeuNAc(a2-3)Gal(b1-4)GlcNAc(b1-3)Fuc,1,O-Fucose Glycan /EGF Repeat1
NeuNAc(a2-6)Gal(b1-4)GlcNAc(b1-3)Fuc,1,O-Fucose Glycan /EGF Repeat2
Gal(b1-3)[Fuc(a1-4)]GlcNAc,1,LewisA
NeuNAc(a2-3)Gal(b1-3)[Fuc(a1-4)]GlcNAc,1,SialylLewisA
GalOS(b1-3)[Fuc(a1-4)]GlcNAc,1,3S_SialylLewisA
Fuc(a1-2)Gal(b1-3)[Fuc(a1-4)]GlcNAc,1,LewisB
Gal(b1-4)[Fuc(a1-3)]GlcNAc,1,LewisX
NeuNAc(a2-3)Gal(b1-4)[Fuc(a1-3)]GlcNAc,1,SialylLewisX
GalOS(b1-4)[Fuc(a1-3)]GlcNAc,1,3S_LewisX
NeuNAc(a2-3)GalOS(b1-4)[Fuc(a1-3)]GlcNAc,1,6S_SialylLewisX
NeuNAc(a2-3)Gal(b1-4)[Fuc(a1-3)]GlcNAcOS,1,Sialyl_6S_LewisX
NeuNAc(a2-3)GalOS(b1-4)[Fuc(a1-3)]GlcNAcOS,1,6S6S_SialylLewisX
cNeuNAc(a2-3)Gal(b1-4)[Fuc(a1-3)]GlcNAcOS,1,Cyclic_Sialyl_6S_LewisX
Fuc(a1-2)Gal(b1-4)[Fuc(a1-3)]GlcNAc,1,LewisY
NeuNAc(a2-3)Gal(b1-4)GlcNAc(b1-3)Gal(b1-4)[Fuc(a1-3)]GlcNAc,1,VIM-2
NeuNAc(a2-3)Gal(b1-3)[NeuNAc(a2-6)]GalNAc,1,Disialyl_T_Antigen
Gal(b1-4)GlcNAc(b1-6)GalNAc,1,F1_alpha
NeuNAc(a2-8)NeuNAc(a2-8)NeuNAc(a2-3)Gal,1,C-Series Gangliosides Oligosaccharide / Hemato- or Ganglio-Type
Gal(b1-3)GalNAc(b1-4)[NeuNAc(a2-8)NeuNAc(a2-8)NeuNAc(a2-3)]Gal(b1-4)Glc,1,C-Series Gangliosides Oligosaccharide / Gangliotetraosyl Core Structure
GalNAc(b1-4)[GlcNAc(b1-3)]Gal(b1-4)Glc,1,Lactogangliotetraosylceramide
Gal(b1-3)GalNAc(b1-3)Gal(a1-4)Gal(b1-4)Glc,1,Galactosylgloboside
Man(a1-6)[Man(a1-3)][Xyl(b1-2)]Man(b1-4)GlcNAc(b1-4)[Fuc(a1-3)]GlcNAc,1,M3FX
Gal(b1-3)GalNAc(b1-3)Gal,1,SSEA-3
NeuNAc(a2-3)Gal(b1-3)[NeuNAc(a2-6)][Fuc(a1-4)]GlcNAc,1,Disialyl_LewisA
NeuNAc(a2-3)Gal(b1-3)GlcNAc,1,SialylLewisC
Gal(b1-4)[Fuc(a1-3)]GlcNAc(b1-3)Gal(b1-4)GlcNAc(b1-3)Gal,1,SSEA-1
NeuNAc(a2-3)Gal(b1-4)[Fuc(a1-3)]GlcNAc(b1-3)Gal(b1-4)GlcNAc(b1-3)Gal,1,SialylLewisXI
NeuNAc(a2-3)Gal(b1-3)GalNAc(b1-3)Gal,1,SSEA-4
Gal(a1-4)Gal(b1-4)GlcNAc,1,P1_antigen
Gal(b1-3)GalNAc(b1-4)Gal(b1-4)Glc,1,Asialo_GM1
NeuNAc(a2-3)Gal(b1-3)GalNAc(b1-4)Gal(b1-4)Glc,1,GM1b
Fuc(a1-2)Gal(b1-3)GalNAc(b1-4)[NeuNAc(a2-3)]Gal(b1-4)Glc,1,Fucosyl_GM1b
Gal(b1-3)GalNAc(b1-4)[NeuNAc(a2-3)]Gal(b1-4)Glc,1,GM1
GalNAc(b1-4)[NeuNAc(a2-3)]Gal(b1-4)Glc,1,N-Acetyl_GM2
GalNAc(b1-4)[NeuNGc(a2-3)]Gal(b1-4)Glc,1,N-Glycolyl_GM2
NeuNAc(a2-3)Gal(b1-4)Glc,1,N-Acetyl_GM3
NeuNGc(a2-3)Gal(b1-4)Glc,1,N-Glycolyl_GM3
NeuNAc(a2-3)Gal(b1-3)GalNAc(b1-4)[NeuNAc(a2-3)]Gal(b1-4)Glc,1,GD1a
Fuc(a1-2)Gal(b1-3)GalNAc(b1-4)Gal(b1-4)Glc,1,Fucosyl_Asialo-GM1
GalNAc(b1-4)[NeuNAc(a2-3)]Gal(b1-3)GalNAc(b1-4)[NeuNAc(a2-3)]Gal(b1-4)Glc,1,GalNAc-GD1a
Gal(b1-3)GalNAc(b1-4)[NeuNAc(a2-8)NeuNAc(a2-3)]Gal(b1-4)Glc,1,GD1b
GalNAc(b1-4)[NeuNAc(a2-8)NeuNAc(a2-3)]Gal(b1-4)Glc,1,GD2
NeuNAc(a2-8)NeuNAc(a2-3)Gal(b1-4)Glc,1,N-Acetyl_GD2
NeuNGc(a2-8)NeuNGc(a2-3)Gal(b1-4)Glc,1,N-Glycolyl_GD3
NeuNAcOAc(a2-8)NeuNAc(a2-3)Gal(b1-4)Glc,1,9-O-Acetyl_GD3
GalNAc(b1-4)[NeuNAc(a2-3)]Gal(b1-3)[NeuNAc(a2-8)]GlcNAc(b1-3)Gal,1,RM2
NeuNAc(a2-8)NeuNAc(a2-3)Gal(b1-3)GalNAc(b1-4)[NeuNAc(a2-3)]Gal(b1-4)Glc,1,GT1a
NeuNAc(a2-3)Gal(b1-3)GalNAc(b1-4)[NeuNAc(a2-8)NeuNAc(a2-3)]Gal(b1-4)Glc,1,GT1b
NeuNAc(a2-8)NeuNAc(a2-3)Gal(b1-3)GalNAc(b1-4)[NeuNAc(a2-8)NeuNAc(a2-3)]Gal(b1-4)Glc,1,GQ1b
NeuNAc(a2-8)NeuNAc(a2-8)NeuNAc(a2-3)Gal(b1-4)Glc,1,GT3
Gal(a1-4)Gal(b1-4)Glc,1,Gb3
Gal(a1-3)Gal(a1-4)Gal(b1-4)Glc,1,Gal-CTH
GalNAc(b1-3)Gal(a1-4)Gal(b1-4)Glc,1,Globoside
Gal(b1-4)GlcNAc(b1-3)Gal(b1-4)Glc,1,Paragloboside
NeuNAc(a2-3)Gal(b1-4)GlcNAc(b1-3)Gal(b1-4)Glc,1,2-3_Sialylparagloboside
NeuNAc(a2-6)Gal(b1-4)GlcNAc(b1-3)Gal(b1-4)Glc,1,2-6_Sialylparagloboside
GalOS(b1-3)GalNAc(b1-4)GalOS(b1-4)Glc,1,SD1a
Gal(b1-3)[Fuc(a1-4)]GlcNAc(b1-3)Gal(b1-3)[Fuc(a1-4)]GlcNAc,1,Dimeric_LewisA
Gal(b1-3)[Fuc(a1-4)]GlcNAc(b1-3)Gal(b1-4)[Fuc(a1-3)]GlcNAc,1,LewisA_LewisX_Hybrid
Fuc(a1-2)Gal(b1-3)[Fuc(a1-4)]GlcNAc(b1-3)Gal(b1-3)[Fuc(a1-4)]GlcNAc,1,Trifucosyl-LewisB
Gal(b1-4)[Fuc(a1-3)]GlcNAc(b1-3)Gal(b1-4)[Fuc(a1-3)]GlcNAc,1,Dimeric_LewisX
Fuc(a1-2)Gal(b1-4)[Fuc(a1-3)]GlcNAc(b1-3)Gal(b1-4)[Fuc(a1-3)]GlcNAc,1,Trifucosyl-LewisY
NeuNAc(a2-3)Gal(b1-4)GlcNAc(b1-6)[NeuNAc(a2-3)Gal(b1-4)GlcNAc(b1-3)]Gal(b1-4)GlcNAc,1,DisialylI
NeuNAc(a2-3)Gal(b1-3)[NeuNAc(a2-6)]GlcNAc,1,Disialyl_LewisC
GalNAc(b1-4)[NeuAc(a2-3)]Gal(b1-3)[NeuAc(a2-6)]GlcNAc(b1-3)Gal,1,GalNAc_Disialyl_Lc4
NeuNAc(a2-3)Gal(b1-3)[NeuNAc(a2-6)]GalNAc(b1-3)Gal(a1-4)Gal(b1-4)Glc,1,Disialyl_Gb5
NeuNAc(a2-3)Gal(b1-3)GalNAc(b1-3)Gal(a1-4)Gal(b1-4)Glc,1,Monosialyl_Gb5
NeuNAc(a2-3)Gal(b1-3)[NeuNAc(a2-6)]GalNAc(b1-4)Gal,1,GD1_alpha
NeuNAc(a2-3)Gal(b1-3)[NeuNAc(a2-6)]GalNAc(b1-4)[NeuNAc(a2-3)]Gal(b1-4)Glc,1,GT1a_alpha
NeuNAc(a2-3)Gal(b1-3)[NeuNAc(a2-6)]GalNAc(b1-4)[NeuNAc(a2-8)NeuNAc(a2-3)]Gal(b1-4)Glc,1,GQ1b_alpha
Gal(b1-3)GlcNAc(b1-3)Gal(b1-4)Glc,1,Lactotetraosylceramide
NeuNAc(a2-9)NeuNAc(a2-6)Gal(b1-4)Glc,1,"2-9,2-6 Disialyllactosylceramide"
Gal(b1-4)GlcNAc(b1-6)[Gal(b1-4)GlcNAc(b1-3)]Gal(b1-4)GlcNAc,1,L_Antigen
Gal(b1-4)GlcNAc(b1-3)Gal(b1-4)GlcNAc,1,I_Antigen
Gal(b1-4)GlcNAc(b1-3)Gal,1,LacNAc-Gal
Gal(b1-4)[Fuc(a1-3)]GlcNAcOS,1,6S_LewisX
NeuNAc(a2-3)Gal(b1-4)GlcNAcOS,1,Sialyl_6S_LacNAc
GalOS(b1-4)GlcNAcOS(b1-3)GalOS,1,6S6S6S_LacNAc
GalNAc(b1-4)[Fuc(a1-3)]GlcNAc,1,LDN-F
Gal(a1-3)Gal(b1-4)GlcNAc,1,Alpha-Galactosyl_Epitope
Fuc(a1-2)Gal(b1-4)[Fuc(a1-3)]GlcNAc(b1-3)Gal(b1-4)GlcNAc,1,LewisY_extended
Gal(b1-3)[Fuc(a1-4)]GlcNAc(b1-3)Gal,1,LewisA_(b1-3)Gal
Gal(b1-4)GlcNAc(b1-3)Gal(b1-4)[Fuc(a1-3)]GlcNAc(b1-3)Gal(b1-4)GlcNAc(b1-3)Gal(b1-4)GlcNAc(b1-3)Gal(b1-4)Glc,1,internal_LewisX
NeuNAc(a2-6)Gal(b1-4)GlcNAc(b1-3)Gal(b1-4)[Fuc(a1-3)]GlcNAc,1,2-6_Sialyl_i-LewisX
Fuc(a1-2)Gal(b1-3)GlcNAc,1,H_typeI
Fuc(a1-2)Gal(b1-4)GlcNAc,1,H_typeII
Fuc(a1-2)Gal(b1-3)GalNAc,1,H_typeIII
GalNAc(a1-3)[Fuc(a1-2)]Gal,1,A_trisaccharide
GalNAc(a1-3)[Fuc(a1-2)]Gal(b1-3)GlcNAc,1,A_typeI
GalNAc(a1-3)[Fuc(a1-2)]Gal(b1-4)GlcNAc,1,A_typeII
GalNAc(a1-3)[Fuc(a1-2)]Gal(b1-3)GalNAc,1,A_typeIII
GalNAc(a1-3)[Fuc(a1-2)]Gal(b1-3)[Fuc(a1-4)]GlcNAc,1,A_typeI_difucosyl
GalNAc(a1-3)[Fuc(a1-2)]Gal(b1-4)[Fuc(a1-3)]GlcNAc,1,A_typeII_difucosyl
Gal(a1-3)[Fuc(a1-2)]Gal(b1-4)GlcNAc,1,B_typeII
NeuNAc(a2-3)Gal(b1-4)Glc,1,b1
NeuNAc(a2-8)NeuNGc(a2-3)Gal,1,b2
NeuNGc(a2-8)NeuNGc(a2-3)Gal,1,b3
NeuNAc(a2-8)NeuNAc(a2-3)Gal,1,b4
NeuNGc(a2-8)NeuNAc(a2-3)Gal,1,b5
GalNAc(b1-4)[NeuNAc(a2-3)]Gal,1,b6
NeuNGc(a2-3)Gal(b1-4)Glc,1,b7
NeuNAc(a2-3)Gal(b1-4)GlcNAc,1,b8
NeuNGc(a2-3)Gal(b1-4)GlcNAc,1,b9
NeuNAc(a2-8)NeuNAc(a2-3)Gal(b1-4)Glc,1,b10
NeuNAc(a2-8)NeuNGc(a2-3)Gal(b1-4)Glc,1,b11
GalNAc(b1-3)Gal(b1-4)GlcNAc,1,b12
Gal(b1-4)[Fuc(a1-3)]Glc,1,b13
GalNAc(b1-4)[NeuNGc(a2-3)]Gal,1,b14
Gal(b1-3)GlcNAc(b1-3)Gal(b1-4)Glc,1,Lacto-N-Tetraose
NeuNAc(a2-3)Gal(b1-3)GlcNAc(b1-3)Gal(b1-4)Glc,1,2-3_Sialyl-Lacto-N-Tetraose
NeuNAc(a2-3)Gal(b1-3)GalNAc,1,b15
NeuNAc(a2-8)NeuNAc(a2-3)Gal(b1-3)GalNAc,1,b16
Gal(b1-4)GlcNAc(b1-3)Gal(b1-4)Glc,1,Lacto-N-Neotetraose
NeuNAc(a2-6)Gal(b1-4)GlcNAc(b1-3)Gal,1,2-6_Sialyl-LacNAc-Gal
GlcNAc(b1-3)Gal(b1-4)GlcNAc,1,b17
[Xyl(a1-3)]GalA(a1-4)[Xyl(a1-3)]GalA(a1-4)GalA(a1-4)[Xyl(a1-3)]GalA(a1-4)GalA,1,Xylogalacturonan
Gal(b1-4)Gal(b1-4)[Ara(a1-5)Ara(a1-3)]Gal(b1-4)[Ara(a1-3)]Gal(b1-4)Gal(b1-4)Gal,1,Arabinogalactan_typeI
Gal(b1-3)[Ara(b1-6)]Gal(b1-3)[Ara(b1-3)Ara(b1-6)]Gal(b1-3)[Gal(b1-6)Gal(b1-6)]Gal(b1-3)[Gal(b1-6)Gal(b1-6)]Gal(b1-3)Gal,1,Arabinogalactan_typeII
Man(b1-4)Glc(b1-4)[Gal(a1-6)]Man(b1-4)Glc(b1-4)Man(b1-4)Glc(b1-4)Man(b1-4)Man,1,Glucomannan
Man(b1-4)[Gal(a1-6)]Man(b1-4)[Gal(a1-6)]Man(b1-4)[Gal(a1-6)]Man(b1-4)Man(b1-4)Man,1,Galactomannan
Glc(b1-4)[Xyl(a1-6)]Glc(b1-4)[Gal(b1-2)Xyl(a1-6)]Glc(b1-4)[Fuc(a1-2)Gal(b1-2)Xyl(a1-6)]Glc(b1-4)[Xyl(a1-6)]Glc,1,Xyloglucan
Glc(b1-4)Glc(b1-4)Glc(b1-3)Glc(b1-4)Glc(b1-4)Glc,1,1-3_1-4_betaGlucan
Xyl(b1-4)Xyl(b1-4)Xyl(b1-4)[GlcA(a1-2)]Xyl(b1-4)Xyl(b1-4)Xyl(b1-4)Xyl,1,Glucronoxylan
Xyl(b1-4)Xyl(b1-4)[GlcA(a1-2)]Xyl(b1-4)[GlcA(a1-2)]Xyl(b1-4)Xyl(b1-4)[Ara(a1-3)]Xyl(b1-4)Xyl,1,Glucronoarabinoxylan
NeuNGc(a2-6)Gal(b1-4)Glc,1,b18
NeuNGc(a2-3)Gal(b1-3)GlcNAc,1,b19
NeuNGc(a2-3)Gal(b1-4)Glc,1,b20
NeuNAcOGc(a2-6)Gal(b1-4)Glc,1,b21
Gal(b1-3)GlcNAc(b1-3)Gal(b1-4)[Fuc(a1-3)]GlcNAc,1,LecLeX
NeuNAcOGc(a2-3)Gal(b1-4)GlcNAc,1,b22
NeuNAcOGc(a2-6)Gal(b1-4)GlcNAc,1,b23
NeuNAcOGc(a2-3)Gal(b1-3)GlcNAc,1,b24
NeuNGc(a2-3)Gal(b1-3)GalNAc,1,b25
NeuNGc(a2-6)Gal(b1-4)GlcNAc,1,b26
NeuNAcOGc(a2-3)Gal(b1-3)GalNAc,1,b27
NeuNGcA(a2-6)Gal(b1-4)Glc,1,b28
NeuNGcA(a2-3)Gal(b1-4)Glc,1,b29
NeuNGc(a1-3)Gal(b1-4)[Fuc(a1-3)]GlcNAc,1,b30
NeuNGc(a1-3)Gal(b1-4)[Fuc(a1-3)]GlcNAcOS,1,b31
NeuNGc(a2-3)Gal(b1-3)GlcNAc(b1-3)Gal(b1-4)Glc,1,b32
NeuNGc(a2-3)Gal(b1-4)GlcNAcOS,1,b33
NeuNAc(a2-6)[NeuNGc(a2-3)]Gal(b1-4)Glc,1,b34
Fuc(a1-2)Gal(b1-3)GalNAc(b1-3)Gal(a1-4)Gal(b1-4)Glc,1,GloboH
Gal(a1-4)Gal(b1-4)GlcNAc(b1-3)Gal(b1-4)Glc,1,P1_antigen2
LDManHep(a1-2)LDManHep(a1-3)[Gal(b1-4)[Gal(a1-6)]LDManHep(a1-6)Glc(b1-4)][Glc(a1-6)]LDManHep(a1-5)Kdo,1,coreOS_PasteurellaMultocida
GalNAc(b1-3)Gal(a1-4)Gal(b1-4)Glc(b1-2)LDManHep(a1-2)[GalNAc(b1-3)Gal(a1-4)Gal(b1-4)Glc(a1-3)]LDManHep(a1-3)[Glc(b1-4)]LDManHep(a1-5)Kdo,1,coreOS_HaemophilusInfluenza
Glc(a1-2)Glc(a1-2)[GlcNAc(a1-3)]Gal(a1-3)Glc(a1-3)[GlcNAc(a1-7)LDManHep(a1-7)]LDManHepOP(a1-3)LDManHepOP(a1-5)[Kdo(a2-4)Kdo(a2-4)]Kdo,1,coreOS_EcoliR3
Gal(a1-2)Gal(a1-2)[Glc(b1-3)]Glc(a1-3)Glc(b1-3)[GlcN(b1-7)LDManHep(a1-7)]LDManHep(a1-3)LDManHepOPPEtn(a1-5)[Kdo(a2-4)]Kdo,1,coreOS_ShigellaFlexneri
Gal(a1-2)Gal(a1-2)[Glc(b1-3)]Glc(a1-3)Glc(a1-3)[GlcN(a1-7)LDManHep(a1-7)]LDManHepOP(a1-3)LDManHepOP(a1-5)[Kdo(a2-4)]Kdo,1,coreOS_ShigellaSonnei
GlcNAc(a1-3)[Glc(a1-2)Gal(a1-2)]Gal(a1-4)Glc(a1-3)[GalA(b1-7)LDManHep(a1-7)]LDManHep(a1-3)LDManHepOPPEtn(a1-5)Kdo,1,coreOS_CitrobacterWerkmanii
Glc(a1-4)Gal(b1-6)Glc(a1-2)Glc(a1-4)Glc(a1-3)[GalA(b1-7)LDManHep(a1-7)]LDManHep(a1-3)LDManHepOPPEtn(a1-5)Kdo,1,coreOS_CitrobacterWerkmanii2
GlcNAc(b1-3)[Gal(b1-7)]LDManHep(a1-3)[Glc(b1-4)]LDManHep(a1-5)[Kdo(a2-4)]Kdo,1,coreOS_YersiniaPestis
GlcN(a1-4)GalA(a1-3)[GlcN(a1-4)GalA(a1-7)LDManHep(a1-7)][Glc(b1-2)]LDManHep(a1-3)[Gal(b1-4)]LDManHep(a1-5)[Kdo(a2-4)]Kdo,1,coreOS_PlesiomonasShigelloides
Glc(a1-2)Glc(a1-2)[GlcNAc(a1-3)]Gal(a1-3)Glc(a1-3)[GalA(b1-7)LDManHep(a1-7)]LDManHep(a1-3)LDManHepOPPEtn(a1-5)[AraN(b1-8)]Kdo,1,coreOS_ProvidenciaRustigianii
LDManHep(a1-4)[Gal(a1-7)]Kdo(a1-2)Glc(a1-3)Glc(a1-3)[LDManHep(a1-7)]LDManHepOP(a1-3)LDManHepOP(a1-5)[Kdo(a1-2)]Kdo,1,coreOS_HafniaAlvei
Rha(a1-6)Glc(a1-4)[Glc(b1-6)Glc(b1-3)]GalNAc(a1-3)LDManHepOCm(a1-3)LDManHep(a1-5)Kdo,1,coreOS_PseudomonasAeruginosa
GlcNAc(b1-4)[Glc(b1-3)]GalNAc(a1-3)LDManHepOCm(a1-3)LDManHepOP(a1-5)[Kdo(a1-4)]Kdo,1,coreOS_PseudomonasStutzeri
GlcNAc(b1-2)[Rha(a1-6)Glc(b1-4)]Glc(a1-3)GalNAla(a1-3)LDManHepOCm(a1-3)LDManHepOP(a1-5)[Kdo(a2-4)]Kdo,1,coreOS_PseudomonasSyringae
GlcNAc(b1-2)[Glc(b1-6)Kdo(a1-4)]Glc(a1-3)GalNAla(a1-3)LDManHepOCm(a1-3)LDManHepOP(a1-5)[Kdo(a2-4)]Kdo,1,coreOS_PseudomonasSyringae2
Rha(a1-3)[GlcNAc(b1-4)]GlcNAc(b1-3)[Kdo(a2-4)]GalNAc(a1-5)Kdo,1,coreOS_PseudomonasCichorii
Glc(a1-2)Gal(b1-4)Glc(b1-4)Glc(b1-3)[GalN(a1-4)]GlcNAcA(a1-4)[GlcN(b1-7)]Kdo(a2-5)[Kdo(a1-4)]Kdo,1,coreOS_AcinetobacterBaumannii
Glc(a1-6)Glc(a1-6)Glc(b1-4)Glc(b1-3)[GalN(a1-4)]GlcNAcA(a1-4)[GlcN(b1-7)]Kdo(a2-5)[Kdo(a1-4)]Kdo,1,coreOS_AcinetobacterRadioresistens
GalN(a1-3)GalN(b1-6)Glc(a1-5)Kdo(a1-8)[Glc(b1-6)Glc(a1-5)][Kdo(a1-4)]Kdo,1,coreOS_AcinetobacterLwoffi
Man(a1-3)Man(a1-4)Glc(b1-4)[GalA(a1-3)]Man(a1-5)[GalA(a1-4)]Kdo,1,coreOS_XanthomonasCampestris
Rha(a1-2)[DDManHep(a1-7)LDManHep(a1-3)LDManHep(a1-7)]LDManHep(a1-3)[Glc(b1-4)]LDManHep(a1-5)Kdo(a2-4)Kdo(b1-8)AraN,1,coreOS_BurkholderiaPyrrocinia
Rha(a1-3)QuiNAc(b1-7)LDManHep(a1-2)[Glc(a1-6)]Gal(a1-3)[LDManHep(a1-7)LDManHep(a1-7)]LDManHep(a1-3)[Glc(b1-4)]LDManHep(a1-5)Kdo(a2-4)Kdo(b1-8)AraN,1,coreOS_BurkholderiaCenocepacia
Glc(b1-3)GalNAc(a1-3)GalNAc(b1-3)Rha(a1-3)[QuiNAc(b1-3)Rha(a1-2)][LDManHep(a1-7)]LDManHep(a1-3)[LDManHep(a1-6)Glc(b1-4)]LDManHep(a1-5)Kdo(a2-4)Kdo(b1-8)AraN,1,coreOS_BurkholderiaMultivorans
Gal(b1-3)GalNAc(a1-3)GalNAc(b1-3)[Rha(a1-2)][LDManHep(a1-7)LDManHep(a1-7)]LDManHep(a1-3)[Glc(b1-4)]LDManHep(a1-5)Kdo(a2-4)Kdo,1,coreOS_BurkholderiaVietnamensis
GlcNAc(b1-3)Glc(a1-3)LDManHep(a1-3)Glc(b1-4)LDManHep(a1-5)Kdo(a2-4)Kdo(a1-5)LDManHep,1,coreOS_BurkholderiaCepacia
Rha(a1-2)Rha(a1-3)Rha(a1-3)GlcNAc(b1-3)Rha(a1-3)[Rha(a1-2)]LDManHep(a1-3)[Glc(b1-4)][AraN(b1-7)]LDManHep(a1-5)Kdo(a2-4)Kdo,1,coreOS_RalstoniaSolanacearum
GalNAc(a1-4)Gal(a1-6)Gal(a1-3)Gal(a1-3)DDManHep(a1-5)KdoN,1,coreOS_ShewanellaOneidensis
Rha(a1-3)GlcNAc(b1-7)[Glc(a1-2)LDManHep(a1-6)][LDManHep(a1-2)]DDManHep(a1-5)KdoN,1,coreOS_ShewanellaAlgae
Glc(a1-2)LDManHep(a1-6)[LDManHep(a1-2)][PGroA(a1-7)]LDManHep(a1-5)KdoN,1,coreOS_ShewanellaPacifica
Glc(a1-4)Gal(b1-4)LDManHepOP(a1-5)KdoOP,1,coreOS_PseudoalteromonasCarrageenovora 
Glc(a1-4)Gal(b1-4)[Gal(b1-7)]LDManHep(a1-5)KdoOP),1,coreOS_PseudoalteromonasIssachenkonii 
Kdo(b2-7)LDManHep(a1-5)KdoOP,1,coreOS_AlteromonasMacleodii
Glc(a1-3)LDManHep(a1-5)KdoOP,1,coreOS_AlteromonasAddita
Rha(a1-3)Rha(a1-6)Man(a1-6)Man(a1-5)[GalA(a1-4)]Kdo,1,coreOS_ArenibacterCertesii
GalOPA(a1-7)[Fruf(b2-4)Glc(b1-4)][GalA(a1-3)]LDManHep(a1-5)KdoOP,1,coreOS_PsychromonasArctica
LDManHep(a1-2)LDManHep(a1-3)[PseNAcNGra(b2-6)Glc(b1-4)]LDManHep(a1-5)Kdo,1,coreOS_VibrioVulnificus
QuiNAc(b1-2)Rha(a1-4)GalAN(a1-6)[GlcAN(b1-3)Glc(b1-4)]Gal(a1-5)[Kdo(a1-4)]Kdo,1,coreOS_AgrobacteriumLarrymoorey
Man(a1-6)Man(a1-5)[Gal(b1-8)Kdo(a1-4)]Kdo,1,coreOS_AgrobacteriumTumefaciens
Rha(a1-2)Rha(a1-2)Rha(a1-2)Rha(a1-3)Rha(a1-3)Man(a1-5)[GlcN(b1-2)Gal(b1-4)[Gal(b1-8)]Kdo(a1-4)]Kdo,1,coreOS_AgrobacteriumTumefaciens2
Fuc(a1-2)Gal(b1-3)[Fuc(a1-4)]GlcN(a1-4)GlcA(b1-4)GalA(a1-3)Glc(b1-6)Glc(a1-5)[Dha(a2-3)GalA(a1-3)Glc(b1-4)]Kdo(a1-4)GalA(a1-7)Kdo,1,coreOS_AgrobacteriumRubi
Man(a1-2)Man(a1-3)[Man(a1-6)]Man(a1-3)Man(a1-5)[Gal(b1-8)Kdo(a1-4)]Kdo,1,coreOS_AgrobacteriumRadiobacter
Fuc(a1-3)Man(a1-3)QuiNAc(b1-4)Kdo(a1-6)Gal(a1-6)[GalA(a1-4)]Man(a1-5)Kdo(a1-4)[GalA(a1-4)]Kdo(a1-5)GalA,1,coreOS_RhizobiumEtli
Kdo(a2-4)Neu(a2-8)Kdo,1,coreOS_LoktanellaRosea
Glc(a1-4)GlcNAc(a1-4)Glc(b1-3)[Glc(a1-7)DDManHep(a1-2)LDManHep(a1-4)]LDManHep(a1-5)KdoOP,1,coreOS_HalomonasPantelleriensis
Galf(b1-6)Glc(a1-3)RhaOAc(a1-3)[Glc(b1-6)]GlcNAc(a1-2)Galf,1,OAntigen_EcoliO16
Col(a1-3)[Col(a1-6)]Glc(a1-4)Gal(a1-3)GlcNAc(b1-4)Glc,1,OAntigen_EcoliO111
VioNAc(b1-2)[Rha(a1-3)]Man(a1-4)Gal(b1-3)GlcNAc(a1-3)VioNAc,1,OAntigen_EcoliO7
PerNAc(a1-3)Fuc(a1-4)Glc(b1-3)GalNAc(a1-2)PerNAc,1,OAntigen_EcoliO157
Rha(a1-2)Rha(a1-3)[Glc(a1-4)]Rha(a1-3)GlcNAc(b1-2)Rha,1,OAntigen_Sflexneri2a
Abe(a1-3)Man(a1-4)Rha(a1-3)Gal(a1-2)Man,1,OAntigen_SentericaB1
Tyv(a1-3)Man(a1-4)Rha(a1-3)Gal(a1-2)Man,1,OAntigen_SentericaD1
Tyv(a1-3)Man(b1-4)Rha(a1-3)Gal(a1-6)Man,1,OAntigen_SentericaD2
Man(b1-4)Rha(a1-3)Gal(a1-6)Man,1,OAntigen_SentericaE
[Par(a1-3)]Man(a1-4)RhaOAc(a1-3)[Glc(a1-4)]Gal(a1-2)Man,1,OAntigen_SalmonellaO2
[AbeOAc(a1-3)]Man(a1-4)Rha(a1-3)[Glc(a1-4)]Gal(a1-2)Man,1,OAntigen_SalmonellaO4
[AbeOAc(a1-3)]Man(a1-4)Rha(a1-3)[Glc(a1-6)]Gal(a1-2)Man,1,OAntigen_SalmonellaO4_2
Man(b1-2)Man(a1-2)[Glc(a1-3)]Man(a1-2)Man(b1-3)GlcNAc(b1-2)Man,1,OAntigen_SalmonellaO6
Man(b1-2)Man(a1-2)Man(a1-2)Man(b1-3)GlcNAc(b1-2)Man,1,OAntigen_SalmonellaO6_2
Man(b1-2)[Glc(a1-3)]Man(a1-2)Man(a1-2)Man(b1-3)GlcNAc(b1-2)Man,1,OAntigen_SalmonellaO6_3
Man(b1-2)Man(a1-2)Man(a1-2)[Glc(a1-3)]Man(b1-3)GlcNAc(b1-2)Man,1,OAntigen_SalmonellaO6_4
[Abe(a1-3)]RhaOAc(b1-2)Man(a1-2)[GlcOAc(a1-3)]Man(a1-3)Gal(b1-4)Rha,1,OAntigen_SalmonellaO8
[Abe(a1-3)]Rha(b1-2)Man(a1-2)Man(a1-3)[GlcOAc(a1-4)]Gal(b1-4)Rha,1,OAntigen_SalmonellaO8_2
[Abe(a1-3)]Rha(b1-2)Man(a1-2)Man(a1-3)[Glc(a1-2)]Gal(b1-4)Rha,1,OAntigen_SalmonellaO8_3
[Tyv(a1-3)]Man(a1-4)Rha(a1-3)[GlcOAc(a1-4)]Gal(a1-2)Man,1,OAntigen_SalmonellaO9
[Tyv(a1-3)]Man(a1-4)Rha(a1-3)Gal(a1-2)Man,1,OAntigen_SalmonellaO9_2
[Tyv(a1-3)]Man(b1-4)Rha(a1-3)[Glc(a1-4)]Gal(a1-6)Man,1,OAntigen_SalmonellaO9_3
[Tyv(a1-3)]Man(b1-4)Rha(a1-3)Gal(a1-6)Man,1,OAntigen_SalmonellaO9_4
[Tyv(a1-3)]Man(a1-4)Rha(a1-3)[Glc(a1-6)]Gal(a1-6)Man,1,OAntigen_SalmonellaO9_5
[Tyv(a1-3)]Man(b1-4)Rha(a1-3)[Glc(a1-6)]Gal(a1-6)Man,1,OAntigen_SalmonellaO9_6
Man(b1-4)Rha(a1-3)GalOAc(a1-6)Man,1,OAntigen_SalmonellaO10
Man(b1-4)Rha(a1-3)[Glc(a1-4)]Gal(a1-6)Man,1,OAntigen_SalmonellaO10_2
Man(b1-4)Rha(a1-3)Gal(b1-6)Man,1,OAntigen_SalmonellaO10_3
Man(b1-4)Rha(a1-3)[Glc(a1-4)]Gal(b1-6)Man,1,OAntigen_SalmonellaO10_4
Man(b1-4)Rha(a1-3)[Glc(a1-6)]Gal(a1-6)Man,1,OAntigen_SalmonellaO19
[Man(b1-4)]Gal(a1-4)Rha(a1-3)GlcNAc(b1-3)Gal,1,OAntigen_SalmonellaO11
Fuc(a1-2)Gal(b1-3)GalNAc(a1-3)GlcNAc(a1-2)Fuc,1,OAntigen_SalmonellaO13
Man(a1-2)Man(a1-2)Man(b1-3)GlcNAc(a1-6)Man,1,OAntigen_SalmonellaO14
Man(a1-2)Man(a1-2)[Glc(a1-3)]Man(b1-3)GlcNAc(a1-6)Man,1,OAntigen_SalmonellaO14_2
Man(a1-2)[Glc(a1-4)]Man(a1-2)Man(b1-3)GlcNAc(a1-6)Man,1,OAntigen_SalmonellaO14_3
[Fuc(a1-3)]GalNAc(a1-6)ManOAc(a1-3)Fuc(a1-3)[Glc(b1-4)]GalNAc(b1-4)GalNAc,1,OAntigen_SalmonellaO16
[Galf(a1-4)]Gal(a1-3)ManNAc(b1-6)GalfOAc(b1-3)GlcNAc(b1-2)Gal,1,OAntigen_SalmonellaO17
Man(a1-2)Man(a1-2)Man(b1-3)GlcNAc(a1-4)Man,1,OAntigen_SalmonellaO18
[GlcNAc(a1-3)]GalNAc(b1-3)Gal(a1-4)Gal(b1-3)GalNAc(b1-4)GalNAc,1,OAntigen_SalmonellaO21
QuiNAc(b1-3)Ribf(b1-4)[Gal(a1-3)Gal(a1-3)]Gal(b1-3)[Glc(a1-4)]GalNAc(a1-4)QuiNAc,1,OAntigen_SalmonellaO28
QuiNAc(a1-3)Ribf(a1-4)Gal(b1-3)[Glc(b1-4)]GalNAc(a1-4)QuiNAc,1,OAntigen_SalmonellaO28_2
RhaNAc(a1-3)Fuc(a1-4)GlcOAc(b1-3)GalNAc(a1-2)RhaNAc,1,OAntigen_SalmonellaO30
RhaNAc(a1-3)Fuc(a1-4)Glc(b1-3)[Glc(b1-4)]GalNAc(a1-2)RhaNAc,1,OAntigen_SalmonellaO30_2
[Col(a1-3)][Col(a1-6)]Glc(a1-4)Gal(a1-3)GlcNAc(b1-4)Glc,1,OAntigen_SalmonellaO35
[Gal(b1-4)]Gal(b1-4)[GlcNAc(b1-2)]Glc(b1-3)GalNAc(b1-3)Gal,1,OAntigen_SalmonellaO38
QuiNAc(a1-3)Man(a1-3)Fuc(a1-3)GalNAc(a1-2)QuiNAc,1,OAntigen_SalmonellaO39
GalNAc(a1-3)[GlcNAc(b1-2)]Man(b1-4)Glc(b1-3)GalNAc(a1-4)GalNAc,1,OAntigen_SalmonellaO40
Man(b1-4)Glc(a1-3)QuiNAc(a1-3)GlcNAc(a1-2)Man,1,OAntigen_SalmonellaO41
[ManNAc(b1-2)]Rha(a1-2)Rha(a1-2)Gal(a1-3)GlcNAc(b1-3)Rha,1,OAntigen_SalmonellaO42
Fuc(a1-2)[Gal(a1-3)]Gal(b1-3)GalNAc(a1-3)GlcNAc(b1-4)Fuc,1,OAntigen_SalmonellaO43
Glc(a1-6)Glc(a1-4)[GlcNAc(b1-3)]Gal(a1-3)GlcNAc(b1-2)Glc,1,OAntigen_SalmonellaO44
GlcA(b1-4)FucOAc(a1-3)Ribf(b1-4)[Fuc(a1-2)]Gal(b1-3)GlcNAc(b1-4)GlcA,1,OAntigen_SalmonellaO45
GalOAc(a1-3)FucNAm(a1-3)GlcNAc(a1-2)Gal,1,OAntigen_SalmonellaO47
NeuNAcOAc(a2-3)FucNAm(a1-3)GlcNAc(b1-4)NeuNAcOAc,1,OAntigen_SalmonellaO48
[Col(a1-2)Gal(b1-3)]GlcNAc(b1-3)Gal(a1-3)GalNAc(b1-6)GlcNAc,1,OAntigen_SalmonellaO50
[Col(a1-2)Gal(b1-3)]GlcNAc(b1-3)Gal(a1-3)GlcNAc(b1-6)GlcNAc,1,OAntigen_SalmonellaO50_2
Glc(a1-4)[GlcNAc(b1-3)]Gal(b1-3)GalNAc(a1-3)GlcNAc(b1-6)Glc,1,OAntigen_SalmonellaO51
Ribf(b1-4)Gal(b1-4)GlcNAc(a1-4)Gal(b1-3)GlcNAc(a1-2)Ribf,1,OAntigen_SalmonellaO52
Galf(a1-4)GalNAc(b1-4)RhaOAc(a1-3)GlcNAc(b1-2)Galf,1,OAntigen_SalmonellaO53
ManNAc(b1-3)ManNAc(b1-4)ManNAc,1,OAntigen_SalmonellaO54
Glc(b1-2)FucNAc(b1-6)Glc(a1-4)GalNAc(a1-3)GlcNAc(b1-2)Glc,1,OAntigen_SalmonellaO55
Ribf(b1-4)GalNAc(a1-3)GlcNAc,1,OAntigen_SalmonellaO56
[GlcNAc(b1-2)]Rha(a1-2)Rha(a1-4)Glc(a1-3)GalNAc(b1-3)Rha,1,OAntigen_SalmonellaO57
GlcNAc(a1-3)QuiNAc(a1-3)GlcNAc,1,OAntigen_SalmonellaO58
Gal(b1-3)GlcNAc(a1-4)Rha(a1-3)GlcNAc(b1-2)Gal,1,OAntigen_SalmonellaO59
[FucNFo(a1-3)]Man(b1-3)Glc(b1-3)GlcNAc(b1-2)Man,1,OAntigen_SalmonellaO60
[GalNAcAN(a1-2)]Rha(a1-2)Rha(a1-3)Rha(a1-2)Rha(a1-3)GlcNAc(b1-3)Rha,1,OAntigen_SalmonellaO62
[FucNAc(a1-4)]Gal(b1-4)Glc(a1-4)GalNAc(a1-3)GalNAc(b1-3)Gal,1,OAntigen_SalmonellaO63
GlcNAc(b1-4)Man(b1-4)Man(a1-3)GlcNAc(b1-4)GlcNAc,1,OAntigen_SalmonellaO65
Gal(a1-6)Gal(a1-4)[Glc(b1-3)]GalNAc(a1-3)GalNAcOAc(b1-2)Gal,1,OAntigen_SalmonellaO66
Rha(a1-3)[Ribf(a1-4)]Man(b1-4)Man(b1-4)Rha,1,OAntigen_CitrobacterYoungae_O1
Rha(a1-3)[Xylf(a1-4)]Man(b1-4)Rha(b1-4)Rha,1,OAntigen_CitrobacterYoungae_O2
Man(a1-3)Rha(b1-4)Rha(b1-4)Man,1,OAntigen_CitrobacterYoungae_O3
Man(a1-3)[Glc(a1-2)]Rha(b1-4)Rha(b1-4)Man,1,OAntigen_CitrobacterBraakii_O7
Man(a1-3)Man(a1-2)[Glc(a1-3)]Man(a1-2)Man(a1-2)Man(a1-3)Man,1,OAntigen_CitrobacterBraakii_O7_2
Rha(a1-3)[Xylf(a1-2)]Rha(a1-2)Rha(b1-3)Rha,1,OAntigen_CitrobacterBraakii_O8
RhaNAc(a1-2)RhaNAc(a1-2)RhaNAc(a1-3)RhaNAcOAc(a1-3)RhaNAc,1,OAntigen_CitrobacterGillenii_O9
[GlcNAc(b1-2)]Man(b1-4)Glc(b1-3)FucNAcOAc(a1-4)[Glc(b1-6)]GalNAc(a1-3)Man,1,OAntigen_CitrobacterGillenii_O11
GlcN(b1-3)[Glc(a1-6)][GlcNAc(a1-4)]GalNAc(a1-3)GalNAc(b1-6)GlcN,1,OAntigen_CitrobacterGillenii_O12
RhaOAc(b1-4)[GlcNAc(b1-3)]GlcNAc(b1-6)Gal(a1-3)RhaOAc,1,OAntigen_CitrobacterGillenii_O12_2
[GlcNAc(b1-2)]P1Gro-Glc(b1-3)[Glc(a1-6)]GlcNAc(b1-4)P1Gro-Glc,1,OAntigen_CitrobacterWerkmanii_O14
Gal(b1-4)P1Gro-GalNAc(b1-4)[Glc(a1-2)][Gal(a1-6)]Glc(b1-3)GalNAc(b1-6)Gal,1,OAntigen_CitrobacterYoungae_O16
ManOAc(a1-2)Man(a1-2)[Glc(a1-3)]Man(a1-3)GlcNAc(a1-6)ManOAc,1,OAntigen_CitrobacterWerkmanii_O21
[Abe(a1-3)]Man(a1-4)Rha(a1-3)Gal(a1-2)Man,1,OAntigen_CitrobacterFreundii_O22
Man(a1-2)Man(a1-2)Man(b1-3)GalNAc(a1-4)Man,1,OAntigen_CitrobacterFreundii_O23
ManNAc(b1-4)[Glc(a1-2)]Glc(b1-3)ManNAc,1,OAntigen_CitrobacterWerkmanii_O26
Ribf(b1-3)Rha(a1-3)Rha(a1-2)Ribf,1,OAntigen_CitrobacterBraakii_O28
ManNAc(b1-4)Glc(b1-3)ManNAc,1,OAntigen_CitrobacterBraakii_O29
Gal(b1-3)FucNAc(a1-3)GlcNAc(b1-2)Gal,1,OAntigen_CitrobacterBraakii_O35
NeuNAc(a2-3)FucNAm(a1-3)GlcNAcOAc(b1-7)NeuNAc,1,OAntigen_CitrobacterBraakii_O37
Gal(b1-4)Glc(a1-4)GalNAc(a1-3)GalNAc(b1-4)Gal,1,OAntigen_EdwardsiellaIctaluri_MT104
[GalA(a1-3)]GalNAc(b1-3)Gal(a1-4)Rha(a1-3)GlcNAc(b1-4)GalNAc,1,OAntigen_EdwardsiellaTarda_MT108
[AbeOAc(a1-3)]Man(a1-4)Rha(a1-3)Gal(a1-2)Man,1,OAntigen_EdwardsiellaTarda_1145
GalAGroN(a1-4)Gal(a1-3)GalA(a1-3)GlcNAc(b1-4)GalAGroN,1,OAntigen_EdwardsiellaTarda_1153
[Gal(a1-3)]Rha(a1-3)Rha(b1-4)Glc(b1-2)Rha,1,OAntigen_EscherichiaHermannii_ATCC33650
RhaNAc(a1-2)RhaNAc(a1-2)RhaNAc(a1-3)RhaNAc(a1-2)RhaNAc(a1-3)RhaNAc,1,OAntigen_EscherichiaHermannii_NRCC4262
RhaNAc(a1-2)RhaNAc(a1-3)RhaNAc(a1-3)RhaNAc(a1-2)RhaNAc(a1-3)RhaNAc,1,OAntigen_EscherichiaHermannii_NRCC4297
[NeuNAc(a2-6)]Gal(b1-6)Galf(b1-3)GalNAc(b1-3)Gal,1,OAntigen_EscherichiaAlbertii
RhaOAc(a1-2)Rha(a1-3)Rha(a1-3)[Glc(a1-4)]GlcNAc(b1-2)RhaOAc,1,OAntigen_Sflexneri_1a
RhaOAc(a1-2)Rha(a1-3)RhaOAc(a1-3)[Glc(a1-4)]GlcNAc(b1-2)RhaOAc,1,OAntigen_Sflexneri_1b
RhaOAc(a1-2)Rha(a1-3)[Glc(a1-4)]Rha(a1-3)GlcNAcOAc(b1-2)RhaOAc,1,OAntigen_Sflexneri_2a_2
[Glc(a1-3)]Rha(a1-2)Rha(a1-3)[Glc(a1-4)]Rha(a1-3)GlcNAc(b1-2)Rha,1,OAntigen_Sflexneri_2b
[Glc(a1-3)]Rha(a1-2)Rha(a1-3)RhaOAc(a1-3)GlcNAcOAc(b1-2)Rha,1,OAntigen_Sflexneri_3a
Rha(a1-2)Rha(a1-3)RhaOAc(a1-3)GlcNAc(b1-2)Rha,1,OAntigen_Sflexneri_3b
Rha(a1-2)Rha(a1-3)Rha(a1-3)[Glc(a1-6)]GlcNAc(b1-2)Rha,1,OAntigen_Sflexneri_4a
Rha(a1-2)Rha(a1-3)RhaOAc(a1-3)[Glc(a1-6)]GlcNAc(b1-2)Rha,1,OAntigen_Sflexneri_4b
RhaOAc(a1-2)[Glc(a1-3)]Rha(a1-3)Rha(a1-3)GlcNAc(b1-2)RhaOAc,1,OAntigen_Sflexneri_5a
[Glc(a1-3)]Rha(a1-2)[Glc(a1-3)]Rha(a1-3)Rha(a1-3)GlcNAc(b1-2)RhaOAc,1,OAntigen_Sflexneri_5b
[Glc(a1-3)]Rha(a1-2)Rha(a1-3)Rha(a1-3)GlcNAc(b1-2)RhaOAc,1,OAntigen_Sflexneri_X
RhaOAc(a1-2)Rha(a1-3)Rha(a1-3)GlcNAcOAc(b1-2)RhaOAc,1,OAntigen_Sflexneri_Y
RhaOAc(a1-2)Rha(a1-4)GalA(b1-3)GalNAc(b1-2)RhaOAc,1,OAntigen_Sflexneri_6a
Rha(a1-2)Rha(a1-3)Rha(a1-3)[Glc(a1-2)Glc(a1-4)]GlcNAc(b1-2)Rha,1,OAntigen_Sflexneri_7a
Rha(a1-2)Rha(a1-3)RhaOAc(a1-3)[Glc(a1-2)Glc(a1-4)]GlcNAc(b1-2)Rha,1,OAntigen_Sflexneri_7b
Gal(a1-3)Galf(b1-3)Gal,1,OAntigen_KlebsiellaPneumoniae_O1
Gal(b1-3)Gal(a1-3)Gal,1,OAntigen_KlebsiellaPneumoniae_O1_2
Galf(b1-3)GlcNAc(b1-5)Galf,1,OAntigen_KlebsiellaPneumoniae_O2
[GalA(a1-2)]Gal(a1-3)Galf(b1-3)Gal,1,OAntigen_KlebsiellaPneumoniae_O2_2
[GalA(a1-4)]Gal(a1-3)Galf(b1-3)Gal,1,OAntigen_KlebsiellaPneumoniae_O2_3
Man(a1-2)Man(a1-2)Man(a1-3)Man(a1-3)Man(a1-2)Man,1,OAntigen_KlebsiellaPneumoniae_O3
Gal(a1-2)Ribf(b1-4)Gal,1,OAntigen_KlebsiellaPneumoniae_O4
Man(b1-2)Man(a1-2)Man(a1-3)Man,1,OAntigen_KlebsiellaPneumoniae_O5
Rha(a1-2)Ribf(b1-3)Rha(a1-3)Rha(a1-2)Rha,1,OAntigen_KlebsiellaPneumoniae_O7
Gal(a1-3)GalfOAc(b1-3)Gal,1,OAntigen_KlebsiellaPneumoniae_O8
GlcNAc(b1-4)Rha(a1-3)GlcNAc,1,OAntigen_KlebsiellaPneumoniae_O12
Rha(a1-3)Rha(a1-2)Rha(a1-2)Rha(a1-2)Rha(a1-3)Rha,1,OAntigen_KlebsiellaPneumoniae_22535
Glc(a1-3)Rha(a1-4)Glc,1,OAntigen_KlebsiellaPneumoniae_i28
Glc(a1-6)GlcNBut(a1-4)GalNAc(a1-3)GalNAc(b1-2)Glc,1,OAntigen_HafniaAlvei_1187
Glc(a1-6)GlcNBut(a1-4)[Glc(a1-6)]GalNAc(a1-3)GalNAc(b1-2)Glc,1,OAntigen_HafniaAlvei_744
Glc(a1-6)GlcNButOAc(a1-4)[Glc(a1-6)]GalNAc(a1-3)GalNAc(b1-2)Glc,1,OAntigen_HafniaAlvei_537
QuiNAc(b1-3)[GlcNAcOAc(b1-2)]P1Gro-Gal(b1-3)GlcNAcOAc(a1-3)QuiNAc,1,OAntigen_HafniaAlvei_1199
QuiNAc(b1-3)[GlcNAcOAc(b1-2)][Glc(a1-4)]P1Gro-Gal(b1-3)GlcNAcOAc(a1-3)QuiNAc,1,OAntigen_HafniaAlvei_1200
NeuNAc(a2-6)Glc(a1-6)[Glc(a1-4)Gal(b1-6)Glc(b1-3)]Gal(b1-3)[Glc(a1-6)]GalNAc(b1-4)NeuNAc,1,OAntigen_HafniaAlvei_2
QuiNAc(b1-3)6dTalOAc(a1-3)Fuc(a1-6)Glc(a1-3)GlcNAc(a1-3)QuiNAc,1,OAntigen_HafniaAlvei_23
GalOAcA(a1-2)Rha(a1-4)Gal(b1-3)GalNAc(b1-4)GlcNAc(a1-4)Gal,1,OAntigen_HafniaAlvei_32
ManNAc(b1-4)GlcNAc(a1-4)ManNAc,1,OAntigen_HafniaAlvei_38
QuiNBut(b1-6)[Glc(a1-4)]Glc(a1-4)GlcOAcA(b1-3)GlcNAc(a1-2)QuiNBut,1,OAntigen_HafniaAlvei_1185
GlcA(b1-2)[RhaOAc(a1-3)]Man(a1-4)Gal(b1-3)GlcNAc(b1-4)GlcA,1,OAntigen_HafniaAlvei_1188
[Glc(a1-4)]Glc(a1-4)GlcA(b1-4)[Glc(a1-2)Glc(a1-6)]GalNAc(b1-3)Gal(a1-3)GalNAc(b1-6)Glc,1,OAntigen_HafniaAlvei_1189
[Galf(a1-2)Rha(a1-2)]Rha(a1-2)[Glc(a1-5)]Ribf(b1-4)GalA(a1-3)GlcNAc(b1-3)Rha,1,OAntigen_HafniaAlvei_1190
[Ribf(b1-4)GlcOAcA(a1-2)]Rha(a1-3)Rha(b1-4)Rha(a1-3)GlcNAc(b1-3)Rha,1,OAntigen_HafniaAlvei_1192
FucNAc(a1-4)Glc(a1-3)Glc(a1-4)FucNAc(a1-3)[GlcNAc(a1-4)]GlcNAc(a1-3)FucNAc,1,OAntigen_HafniaAlvei_1195
Gal(b1-6)Glc(a1-6)GlcNAc(a1-4)GalA(a1-3)GlcNAc(b1-2)Gal,1,OAntigen_HafniaAlvei_1196
QuiNFo(b1-3)GalNAc(a1-4)GlcOAcA(a1-3)Man(a1-2)Man(a1-3)GlcNAc(b1-2)QuiNFo,1,OAntigen_HafniaAlvei_1204
Gal(a1-2)Rha(a1-2)Ribf(b1-4)Gal(b1-3)GalNAc(b1-4)Gal,1,OAntigen_HafniaAlvei_1206
P1Gro-GalNAc(b1-3)Gal(a1-4)Gal(b1-3)[Glc(a1-6)]GalNAc(b1-4)P1Gro-GalNAc,1,OAntigen_HafniaAlvei_1207
[Rha(a1-4)]Gal(b1-4)Glc(a1-4)GlcA(b1-3)GalNAc(b1-3)Gal,1,OAntigen_HafniaAlvei_1209
[Rha(b1-4)]GlcNAc(a1-6)Gal(a1-4)Gal(b1-3)GlcNAc(b1-3)GlcNAc,1,OAntigen_HafniaAlvei_1210
Glc(b1-2)FucOAcNBut(b1-6)GlcNAc(a1-4)[Glc(b1-3)]GalNAc(a1-3)GlcNAc(b1-2)Glc,1,OAntigen_HafniaAlvei_1211
QuiNBut(a1-4)GalOAc(b1-4)GlcNAc(b1-4)GlcA(b1-3)GlcNAc(b1-4)QuiNBut,1,OAntigen_HafniaAlvei_1216
P1Gro-Glc(b1-4)[Glc(a1-6)Gal(a1-3)]FucNAc(a1-3)[Glc(a1-6)]GlcNAc(b1-3)P1Gro-Glc,1,OAntigen_HafniaAlvei_1220
[Galf(b1-3)]Rha(a1-2)RhaOAc(a1-2)Ribf(b1-4)Gal(a1-3)GlcNAc(a1-2)Rha,1,OAntigen_HafniaAlvei_1222
[Rha(a1-3)]Rha(a1-3)Rha(a1-4)Gal(a1-3)GlcNAcOAc(b1-2)Rha,1,OAntigen_HafniaAlvei_1529
GlcOAc(a1-4)GlcA(b1-4)GalNAcOAc(b1-3)Gal(a1-3)GalNAc(b1-6)GlcOAc,1,OAntigen_HafniaAlvei_1546
[Glc(b1-3)]GalNAc(a1-6)Gal(b1-3)[Glc(a1-4)]GalNAc(b1-4)GlcNAc(a1-4)GalNAc,1,OAntigen_HafniaAlvei_481L
Kdo(b2-6)Glc(b1-6)[GlcNAc(b1-2)]Gal(b1-3)GalNAc(b1-4)Kdo,1,OAntigen_ChronobacterMalonaticus
QuiNAc(a1-3)Rha(a1-6)GlcNAc(a1-4)GlcA(b1-3)GalNAc(a1-4)QuiNAc,1,OAntigen_ChronobacterMuytjensii
QuiNAlaAc(b1-6)[Glc(a1-4)Glc(a1-4)]Glc(b1-3)GalNAc(a1-2)QuiNAlaAc,1,OAntigen_ChronobacterSakazakii_O1
QuiNAlaAc(b1-6)Glc(a1-3)[Glc(a1-2)]GlcA(b1-3)GalNAc(a1-2)QuiNAlaAc,1,OAntigen_ChronobacterSakazakii_HPB3290
[RhaOAc(a1-4)GalA(a1-2)]RhaOAc(a1-4)Glc(a1-2)Rha(a1-3)GlcNAc(b1-3)RhaOAc,1,OAntigen_ChronobacterSakazakii_O2
[Rha(a1-4)GalA(a1-2)]RhaOAc(a1-4)Glc(a1-2)Rha(a1-3)[Glc(a1-4)]GlcNAc(b1-3)RhaOAc,1,OAntigen_ChronobacterSakazakii_767
Rha(a1-3)[Tyv(a1-2)]GalOAc(a1-3)Gal(a1-3)Rha,1,OAntigen_ChronobacterSakazakii_ZORB
Rha(a1-2)Rha(b1-3)Rha(a1-2)Rha(a1-2)Rha,1,OAntigen_PantoeaAgglomerans_FL1
QuiNAc(b1-3)Rha(a1-3)[Gal(a1-6)]Gal(b1-3)FucNAc(a1-2)QuiNAc,1,OAntigen_PantoeaAgglomerans_62D
FucNAc(a1-3)FucNAc(a1-3)[Glc(a1-2)Rha(a1-6)]GlcNAc(b1-3)FucNAc,1,OAntigen_PantoeaAgglomerans_CIP55
[QuiNAspAc(b1-6)]Gal(b1-6)GlcNAc(b1-6)Gal(b1-3)GlcNAc(b1-3)Gal,1,OAntigen_ProvidenciaStuartii_O4
QuiNAc(b1-3)Gal(a1-3)Gal(b1-3)GlcNAc(b1-4)QuiNAc,1,OAntigen_ProvidenciaAlcalifaciens_O5
GlcA(b1-3)[Col(a1-2)Gal(b1-3)GlcAN(b1-6)]GlcNAc(b1-4)GlcA,1,OAntigen_ProvidenciaAlcalifaciens_O6
RhaOAc(b1-4)GlcNAc(b1-3)GlcA(a1-4)GlcNAc(a1-3)RhaOAc,1,OAntigen_ProvidenciaAlcalifaciens_O7
GlcNAc(b1-3)Gal(b1-2)P1Gro-FucNAc(b1-3)GlcNAc,1,OAntigen_ProvidenciaAlcalifaciens_O8
Glc(b1-6)Gal(a1-6)GalNAc(a1-4)[Glc(b1-3)]GalNAc(a1-3)GalNAc(a1-2)Glc,1,OAntigen_ProvidenciaAlcalifaciens_O9
[GlcNAc(b1-3)][GlcNAc(b1-2)Glc(b1-2)]Gal(b1-3)GalNAc(a1-4)Gal(b1-3)GalNAc(b1-4)Gal,1,OAntigen_ProvidenciaAlcalifaciens_O12
GalAAlaLys(a1-4)GalNAc(a1-3)GlcNAc(a1-3)GalAAlaLys,1,OAntigen_ProvidenciaRustigianii_O14
GlcNAcOLac(a1-3)Rha(b1-4)GlcNAc(b1-6)GlcNAcOLac,1,OAntigen_ProvidenciaRustigianii_O16
QuiNAc(b1-6)GlcNAc(a1-4)GlcA(b1-3)GalNAc(a1-4)QuiNAc,1,OAntigen_ProvidenciaStuartii_O18
FucNAcOAc(b1-3)GlcNAcOPyr(a1-4)Gal(a1-4)Gal(b1-3)GlcNAc(b1-2)FucNAcOAc,1,OAntigen_ProvidenciaAlcalifaciens_O19
LegOAc(a2-4)GlcA(b1-4)GlcA(b1-3)GlcNAc(a1-8)LegOAc,1,OAntigen_ProvidenciaStuartii_O20
[FucNFo(a1-4)]GalA(a1-4)GalNAc(a1-4)GalNAc(a1-3)GalNAc(b1-3)GalA,1,OAntigen_ProvidenciaAlcalifaciens_O21
GlcAAlaLys(b1-6)Gal(b1-6)Glc(b1-3)GalNAc(b1-4)GlcAAlaLys,1,OAntigen_ProvidenciaAlcalifaciens_O23
[GalAAlaLys(a1-4)]GalNAc(b1-4)GlcA(b1-3)GlcNAc(b1-6)GalNAc,1,OAntigen_ProvidenciaAlcalifaciens_O25
QuiNFo(a1-4)GlcA(a1-4)Glc(b1-3)GalNAcOAc(b1-2)QuiNFo,1,OAntigen_ProvidenciaAlcalifaciens_O27
[GlcA(a1-3)Fuc(a1-4)]GlcNAc(b1-3)Fuc(a1-3)GlcNAc(b1-3)GlcNAc,1,OAntigen_ProvidenciaAlcalifaciens_O28
GlcNAc(a1-3)FucNAc(a1-3)[Glc(b1-4)]GlcNAc(a1-6)GlcNAc,1,OAntigen_ProvidenciaAlcalifaciens_O29
QuiNFo(b1-2)Rib(b1-4)GlcA(b1-4)GlcA(b1-3)FucNAc(a1-2)QuiNFo,1,OAntigen_ProvidenciaAlcalifaciens_O30
[Man(b1-4)]Gal(a1-4)GalNAc(b1-3)GalNAc(b1-3)Gal,1,OAntigen_ProvidenciaAlcalifaciens_O31
GlcNAcOLac(a1-3)FucNAc(a1-3)[Glc(b1-4)]GlcNAc(a1-6)GlcNAcOLac,1,OAntigen_ProvidenciaAlcalifaciens_O32
QuiNAspAc(b1-6)GlcNAc(a1-4)GalA(a1-3)GlcNAc(a1-3)QuiNAspAc,1,OAntigen_ProvidenciaStuartii_O33
GlcA(b1-4)[GalNAc(a1-3)]Fuc(a1-2)Man(a1-2)Fuc(a1-2)Glc(a1-3)GlcNAc(b1-4)GlcA,1,OAntigen_ProvidenciaRustigianii_O34
[QuiNAc(b1-6)]GalNAc(a1-6)Glc(a1-4)GlcA(b1-3)GalNAc(b1-4)GalNAc,1,OAntigen_ProvidenciaAlcalifaciens_O35
Kdo(b2-3)6dTalOAc(a1-3)GlcNAc(a1-7)Kdo,1,OAntigen_ProvidenciaAlcalifaciens_O36
GlcNAcOLacAla(a1-4)GlcNAc(b1-4)GlcNAcOLacAla,1,OAntigen_ProvidenciaAlcalifaciens_O38
QuiNFo(b1-3)Gal(a1-3)GlcA(b1-3)GalNAc(b1-4)QuiNFo,1,OAntigen_ProvidenciaAlcalifaciens_O40
QuiNAc(a1-4)GlcA(b1-3)GalASer(b1-3)GlcNAc(b1-2)QuiNAc,1,OAntigen_ProvidenciaStuartii_O43
GalNAc(a1-3)[GlcA(b1-4)]Fuc(a1-3)Glc(a1-4)Qui(a1-3)GlcNAc(a1-4)GalNAc,1,OAntigen_ProvidenciaStuartii_O44
GlcA(b1-4)[Glc(a1-3)]Fuc(a1-4)Fuc(a1-2)Glc(b1-3)GlcNAcOAc(a1-3)GlcA,1,OAntigen_ProvidenciaAlcalifaciens_O46
Gal(b1-4)[Rha(a1-3)]ManOAc(b1-3)Man(b1-4)GlcA(b1-3)GlcNAc(a1-2)Gal,1,OAntigen_ProvidenciaStuartii_O47
Man(a1-2)Fuc(a1-2)GlcOAcA(b1-3)GalNAc(a1-3)Man,1,OAntigen_ProvidenciaAlcalifaciens_O48
Gal(a1-6)Gal(b1-3)GalNAc(b1-4)Gal,1,OAntigen_ProvidenciaStuartii_O49
Gal(a1-3)RhaOAc(a1-4)Glc(a1-4)GalAAla(a1-3)GlcNAc(b1-2)Gal,1,OAntigen_ProvidenciaStuartii_O57
GlcASer(b1-3)GalNAc(b1-4)Glc(b1-3)Gal(a1-4)GalNAc(b1-4)GlcASer,1,OAntigen_ProvidenciaAlcalifaciens_O60
[Parf(a1-3)LDManHep(b1-4)]Gal(a1-3)GlcNAc(b1-3)Gal,1,OAntigen_YersiniaPseudotuberculosis_O1a
[Parf(b1-3)]Man(b1-4)Man(a1-3)Fuc(a1-3)GlcNAc(a1-2)Man,1,OAntigen_YersiniaPseudotuberculosis_O1b
[Parf(b1-3)]Man(a1-3)Fuc(a1-3)GalNAc(b1-2)Man,1,OAntigen_YersiniaPseudotuberculosis_O1c
[Abe(a1-3)LDManHep(b1-4)]Gal(a1-3)GlcNAc(b1-3)Gal,1,OAntigen_YersiniaPseudotuberculosis_O2a
[Abe(a1-3)]Man(a1-3)Fuc(a1-3)GalNAc(b1-2)Man,1,OAntigen_YersiniaPseudotuberculosis_O2b
[Abe(a1-3)]Man(a1-2)Man(a1-2)Man(b1-3)GalNAc(a1-6)Man,1,OAntigen_YersiniaPseudotuberculosis_O2c
Man(a1-3)[Par(b1-4)]Fuc(a1-3)GalNAc(a1-2)Man,1,OAntigen_YersiniaPseudotuberculosis_O3
[Tyv(a1-3)]Man(a1-2)Man(a1-2)Man(b1-3)GalNAc(a1-6)Man,1,OAntigen_YersiniaPseudotuberculosis_O4a
[Tyv(a1-3)LDManHep(b1-4)]Gal(a1-3)GlcNAc(b1-3)Gal,1,OAntigen_YersiniaPseudotuberculosis_O4b
[Asc(a1-3)]Fuc(a1-3)Man(a1-4)Fuc(a1-3)GalNAc(a1-2)Fuc,1,OAntigen_YersiniaPseudotuberculosis_O5a
[Altf(a1-3)]Fuc(a1-3)Man(a1-4)Fuc(a1-3)GalNAc(a1-2)Fuc,1,OAntigen_YersiniaPseudotuberculosis_O5b
GlcNAc(b1-6)[Col(a1-2)Sug(b1-3)]GalNAc(a1-3)GalNAc(b1-3)GlcNAc,1,OAntigen_YersiniaPseudotuberculosis_O6
[Col(a1-2)]Glc(b1-3)GalNAc(a1-3)[Glc(a1-6)]GalNAc(b1-6)Glc,1,OAntigen_YersiniaPseudotuberculosis_O7
[Gal(a1-3)]GlcNAcOAc(b1-4)FucNAm(a1-3)GlcNAc(a1-4)GlcNAcOAc,1,OAntigen_YersiniaPseudotuberculosis_O9
[Col(a1-3)][Col(a1-6)]Glc(a1-4)Gal(a1-3)GalNAc(b1-4)Glc,1,OAntigen_YersiniaPseudotuberculosis_O10
[Altf(a1-3)]Man(b1-4)Man(a1-3)Fuc(a1-3)GlcNAc(a1-2)Man,1,OAntigen_YersiniaPseudotuberculosis_O11
[Parf(b1-3)]Fuc(a1-3)Man(a1-4)Fuc(a1-3)GalNAc(a1-2)Fuc,1,OAntigen_YersiniaPseudotuberculosis_O15
AltfOAc(b1-2)AltfOAc(b1-3)Altf(b1-2)AltfOAc,1,OAntigen_YersiniaEnterocolitica_O1
[SugOAc(a1-4)]GalNAc(a1-3)GalNAc(b1-3)GalNAc,1,OAntigen_YersiniaEnterocolitica_O4
[Xluf(b2-2)]Rha(a1-3)[Xluf(b2-2)]Rha(b1-3)Rha,1,OAntigen_YersiniaEnterocolitica_O5
Gal(b1-3)Gul(a1-2)Gal,1,OAntigen_YersiniaEnterocolitica_O6
[Gul(a1-3)]Man(a1-3)[Fuc(a1-2)]Gal(a1-3)GalNAc(a1-4)Man,1,OAntigen_YersiniaEnterocolitica_O8
QuiNAc(a1-4)GalNAcOAcA(a1-3)QuiNAc(a1-3)GlcNAc(b1-3)QuiNAc,1,OAntigen_YersiniaKristensenii_O11
P1Gro-Glc(b1-4)[Glc(a1-6)GalNAc(a1-3)]FucNAc(a1-3)[GlcNAc(b1-4)]GlcNAc(b1-2)P1Gro-Glc,1,OAntigen_YersiniaKristensenii_O12
P1Gro-Glc(b1-4)[Glc(a1-2)]GalNAc(a1-3)[Glc(a1-4)]FucNAc(a1-3)GlcNAc(b1-2)P1Gro-Glc,1,OAntigen_YersiniaKristensenii_O12_2
Rha(a1-3)[Sug(b1-2)]Rha(b1-3)Rha(a1-2)Rha,1,OAntigen_YersiniaKristensenii_O16
P1Gro-Glc(b1-4)[Glc(a1-6)Gal(a1-3)]FucNAc(a1-3)[Glc(a1-4)]GlcNAc(b1-2)P1Gro-Glc,1,OAntigen_YersiniaKristensenii_O25
[Rha(a1-4)GalNAcA(a1-2)]Rha(a1-3)Rha(a1-3)Rha(a1-3)GlcNAc(b1-3)Rha,1,OAntigen_YersiniaKristensenii_O28
Glc(b1-2)FucNBut(b1-6)GlcNAc(a1-4)[Glc(b1-3)]GalNAc(a1-3)GlcNAc(b1-2)Glc,1,OAntigen_YersiniaAldovae_6005
Rha(a1-3)[Sug(a1-2)]Rha(a1-3)Rha,1,OAntigen_YersiniaBercovieri_O10
Rha(a1-3)Rha(a1-3)Rha(b1-3)Rha,1,OAntigen_YersiniaRohdei_WA339
LegOAcNBut(a2-3)FucNAm(a1-3)[GlcNAc(b1-4)]GlcNAc(a1-8)LegOAcNBut,1,OAntigen_YersiniaRuckerii_O1
GlcNAcOAcOLac(a1-3)QuiNAc(a1-3)GlcNAc(b1-4)GlcNAcOAcOLac,1,OAntigen_YersiniaRuckerii_O2
6dTalNAcOAc(b1-4)FucNAc(a1-4)FucNAc(a1-3)6dTalNAcOAc,1,OAntigen_PlesiomonasShigelloides_O1
FucNAc(a1-3)QuiNAcNBut(b1-4)FucNAc,1,OAntigen_PlesiomonasShigelloides_O1_2
AltNAcA(a1-3)FucNAc(b1-4)AltNAcA,1,OAntigen_PlesiomonasShigelloides_O17
GlcNAcNButA(b1-4)FucOAcNAm(a1-3)QuiNAc(a1-4)GlcNAcNButA,1,OAntigen_PlesiomonasShigelloides_O51
[Galf(b1-4)Rha(a1-3)]DDManHep(b1-3)LDManHepOAc(b1-4)Rha(a1-3)GlcNAc(b1-4)DDManHep,1,OAntigen_PlesiomonasShigelloides_O54
QuiNAc(b1-3)RhaOAc(a1-3)FucNAc(a1-2)QuiNAc,1,OAntigen_PlesiomonasShigelloides_O74
Rha(a1-2)Rha(a1-2)Rha(a1-4)GalA(a1-3)GlcNAc(a1-3)Rha,1,OAntigen_PlesiomonasShigelloides_22074
[Glc(b1-3)Gal(a1-4)Glc(a1-2)]Man(a1-2)Man(a1-3)Gal(b1-3)Man,1,OAntigen_RahnellaAquatilis_33071
Rha(a1-3)Rha(a1-3)Man(b1-4)Rha,1,OAntigen_RahnellaAquatilis_33071_2
Galf(b1-3)[Gal(a1-2)]Fuc(a1-3)Galf,1,OAntigen_RahnellaAquatilis_1_95
Man(a1-3)Man(a1-6)Man(a1-2)Man,1,OAntigen_RahnellaAquatilis_3_95
[GlcNAc(b1-2)]Rha(a1-3)Rha(a1-2)Rha(a1-2)Rha(a1-3)Rha,1,OAntigen_AeromonasBestiarum
[Rha(a1-3)][Gal(b1-4)]ManNAc(b1-4)GlcA(b1-3)GalNAc(b1-6)ManNAc,1,OAntigen_AeromonasCaviae_11212
P1Gro-GalNAc(b1-4)GlcNAc(b1-4)Rha(a1-3)GalNAc(b1-4)P1Gro-GalNAc,1,OAntigen_AeromonasCaviae_ATCC15468
RhaOAc(a1-3)GlcNAc(b1-4)RhaOAc,1,OAntigen_AeromonasHydrophila_SJ44
[6dTalOAc(a1-3)]Man(a1-3)6dTalOAc(a1-3)GalNAc(b1-4)Man,1,OAntigen_AeromonasHydrophila_O34
[Glc(a1-3)]RhaOAc(a1-3)ManNAc(b1-4)RhaOAc,1,OAntigen_AeromonasSalmonicida_A
Rha(a1-3)ManNAc(b1-4)Rha,1,OAntigen_AeromonasSalmonicida_B
[Glc(a1-4)Glc(a1-3)]Rha(a1-3)ManNAcOAc(b1-4)Rha,1,OAntigen_AeromonasSalmonicida_SJ15
QuiNAlaAc(b1-3)GalNAcA(a1-3)QuiNAc(b1-4)QuiNAlaAc,1,OAntigen_AeromonasSalmonicida_80204
[Col(a1-2)]Gal(b1-3)[Col(a1-4)]GlcNAc(b1-4)Rha(a1-3)GalNAc(a1-3)Gal,1,OAntigen_AeromonasTrota
ManNAcAAla(b1-4)GlcNAcA(b1-4)ManNAcAAla,1,OAntigen_Pseudoalteromonas_KMM634
GlcA(b1-3)QuiNAcNBut(a1-4)GlcA,1,OAntigen_Pseudoalteromonas_KMM634_2
Glc(b1-4)GalA(b1-4)Man(b1-4)Glc,1,OAntigen_Pseudoalteromonas_KMM637
Rha(a1-3)P1Gro-Gal(a1-3)Rha,1,OAntigen_Pseudoalteromonas_KMM639
Rha(a1-3)FucNThrAc(a1-3)[ManNAcA(b1-4)]GalNAc(a1-3)Rha,1,OAntigen_PseudoalteromonasAgarivorans_R
[QuiNAc(a1-4)]GlcASer(b1-4)GlcNAc(a1-4)ManNAcASer(b1-4)GlcNAc(b1-3)GlcASer,1,OAntigen_PseudoalteromonasAliena
[PseNAcNAc(b2-6)]Gal(a1-6)GlcNAc(a1-4)GalA(a1-3)QuiNAc(b1-3)Gal,1,OAntigen_PseudoalteromonasAtlantica
PseNAcNFo(a2-4)[GlcA(a1-4)GalNAc(b1-4)GalNAcOAcA(a1-3)]QuiNAc(b1-4)PseNAcNFo,1,OAntigen_PseudoalteromonasDistincta
Glc(a1-2)Glc(a1-4)GalNAc(b1-3)Gal(a1-3)GalNAc(b1-6)Glc,1,OAntigen_PseudoalteromonasElyakovii
Kdo(a2-3)6dTalOAc(a1-3)Gal(b1-7)Kdo,1,OAntigen_PseudoalteromonasFlavipulchra
QuiNAlaAc(b1-4)GalNAcA(a1-4)GalOAc(a1-2)QuiNAlaAc,1,OAntigen_PseudoalteromonasHaloplanktis_ATCC14393
GalNAcA(a1-3)QuiNAc(b1-4)GalNAcA,1,OAntigen_PseudoalteromonasHaloplanktis_ATCC14393_2
[GlcOLac(a1-3)]Rha(a1-3)Rha(b1-4)GlcNAc(b1-2)Rha,1,OAntigen_PseudoalteromonasHaloplanktis_KMM156
[QuiNAcNBut(a1-4)]IdoA(a1-4)GlcA(b1-4)GlcA(b1-3)QuiNAcNBut(b1-2)IdoA,1,OAntigen_PseudoalteromonasHaloplanktis_KMM223
[ManNAc(b1-4)]Gal(a1-3)GlcNAc(b1-3)Gal,1,OAntigen_PseudoalteromonasMariniglutinosa
[FucNBut(a1-4)]Gal(a1-4)GulNAcA(a1-4)GlcNAcOAc(b1-3)Gal,1,OAntigen_PseudoalteromonasNigrifaciens
GlcNAc(b1-4)GalOAcNAmA(a1-3)Sug(a1-4)GlcNAc,1,OAntigen_PseudoalteromonasRubra
Col(a1-4)[Col(a1-2)Gal(b1-3)]GlcNAc(b1-4)GlcA(b1-3)GalNAc(b1-2)Col,1,OAntigen_PseudoalteromonasTetraodonis
GalAGroN(a1-4)NeuNAc(a2-3)GalGroN(b1-3)GlcNAc(b1-3)GalAGroN,1,OAntigen_ShewanellaAlgae_48055
Rha(a1-2)Rha(a1-2)FucN(a1-3)QuiNAcNBut(a1-3)Rha,1,OAntigen_ShewanellaAlgae_BrY
GalAAlaLys(a1-3)GalNAc(b1-4)GlcA(b1-3)GalNAc(b1-2)GalAAlaLys,1,OAntigen_ShewanellaFidelis_KMM3582
FucNAc(a1-4)GalA(a1-3)FucNAc(a1-3)QuiNAc(b1-3)FucNAc,1,OAntigen_ShewanellaJaponica_KMM3299
LegOAc(a2-4)GlcOAcA(b1-3)GalNAc(b1-4)LegOAc,1,OAntigen_ShewanellaJaponica_KMM3601
6dTalOAc(a1-2)6dTal(a1-3(6dTalOAc),1,OAntigen_AggregatibacterActinomycetemcomitans_a
Fuc(a1-2)[GalNAc(b1-3)]Rha(a1-3)Fuc,1,OAntigen_AggregatibacterActinomycetemcomitans_b
Glc(b1-4)[Rha(a1-3)]Man(b1-4)Man(a1-3)Glc,1,OAntigen_AggregatibacterActinomycetemcomitans_d
GlcNAc(a1-3)Rha(a1-4)GlcNAc,1,OAntigen_AggregatibacterActinomycetemcomitans_e
Rha(a1-3)[GalNAc(b1-2)]Rha(a1-2)Rha,1,OAntigen_AggregatibacterActinomycetemcomitans_f
[GlcNAc(b1-3)]Rha(a1-2)Rha(a1-6)Glc(a1-2)Rha,1,OAntigen_ActinobacillusPleuropneumoniae_1
Rha(a1-2)Gal(a1-3)Glc(b1-4)GlcOAc(a1-4)GalNAc(b1-2)Rha,1,OAntigen_ActinobacillusPleuropneumoniae_2
Glc(a1-2)Galf(b1-6)Gal(a1-6)Glc(b1-3)Galf(b1-3)Glc,1,OAntigen_ActinobacillusPleuropneumoniae_3
Rha(a1-4)Gal(b1-4)[Glc(b1-3)]GalNAc(b1-4)Rha,1,OAntigen_ActinobacillusPleuropneumoniae_4
Glc(a1-2)Galf(b1-6)Glc(a1-6)Glc(b1-3)Galf(b1-3)Glc,1,OAntigen_ActinobacillusPleuropneumoniae_6
Rha(a1-3)Gal(b1-4)[Gal(b1-3)]GalNAc(b1-4)Rha,1,OAntigen_ActinobacillusPleuropneumoniae_7
[Gal(a1-6)]Galf(b1-6)Galf(b1-5)Galf,1,OAntigen_ActinobacillusPleuropneumoniae_12
Gal(b1-3)Gal(b1-3)GalNAc(b1-4)Gal,1,OAntigen_MannheimiaHaemolytica_A1
Rha(a1-3)GlcNAc(b1-4)Rha,1,OAntigen_MannheimiaHaemolytica_T3
[FucNAc(a1-2)]Rha(a1-3)[FucNAc(a1-2)]Rha(a1-2)Rha(a1-3)Rha,1,OAntigen_PseudomonasFluorescensA_ATCC13525
RhaOAc(b1-4)Rha(a1-3)[GlcNAc(b1-2)]Fuc(a1-3)RhaOAc,1,OAntigen_PseudomonasFluorescensA_IMV472
FucNAc(a1-4)QuiNAc(a1-3)QuiNAc(b1-3)FucNAc,1,OAntigen_PseudomonasFluorescensA_IMV1152
QuiNBut(b1-2)Rha(a1-4)GalNAcA(a1-3)QuiNAcNBut(a1-2)QuiNBut,1,OAntigen_PseudomonasFluorescensB_IMV247
QuiNAc(b1-3)Rha(a1-3)FucNAc(a1-2)QuiNAc,1,OAntigen_PseudomonasFluorescensC_IMV2366
QuiNAc(b1-3)6dTalOAc(a1-3)FucNAc(b1-4)QuiNAc,1,OAntigen_PseudomonasFluorescens_361
[6dTalOAc(a1-3)]Man(a1-2)Man(a1-3)GalNAc(b1-4)Man,1,OAntigen_PseudomonasFluorescensG_IMV2763
FucNAc(a1-3)FucNAc(a1-3)QuiNAc(b1-3)FucNAc,1,OAntigen_PseudomonasChlororaphis
FucNAc(a1-2)QuiNAc(b1-3)FucNAc(a1-3)QuiNAc(a1-3)FucNAc,1,OAntigen_PseudomonasCichorii
Rha(a1-3)Rha(a1-3)Man(b1-2)Rha,1,OAntigen_PseudomonasPutida
QuiNAlaAc(b1-3)GlcNAm(a1-3)QuiNAc(a1-3)QuiNAlaAc,1,OAntigen_PseudomonasReactans
[Glc(b1-3)]GalNAcASer(a1-4)ManNAcA(b1-4)GulNAcA(a1-3)QuiNAcNBut(b1-4)GalNAcASer,1,OAntigen_Pseudomonas_OX1
GalOAc(b1-3)GlcNAc(b1-4)GlcA(b1-3)GalNAc(b1-2)GalOAc,1,OAntigen_AcinetobacterCalcoaceticus_7
[Gal(a1-6)]GlcNAc(a1-3)GalNAc(b1-3)GlcNAc,1,OAntigen_AcinetobacterBaumanni_O1
[FucNBut(b1-3)GalNAc(a1-3)GalNAc(b1-3)]Gal(a1-6)Gal(b1-3)GalNAc(b1-4)Gal,1,OAntigen_AcinetobacterBaumanni_O2
[FucNAc(a1-4)]GalNAcA(a1-3)FucNAc(a1-3)GlcNAc(b1-3)GalNAcA,1,OAntigen_AcinetobacterBaumanni_O5
[Rha(b1-4)GlcNAc(b1-3)]Rha(a1-2)Rha(a1-3)Rha(a1-3)GlcNAc(a1-2)Rha,1,OAntigen_AcinetobacterBaumanni_O7
[ManNAc(a1-3)]Rha(a1-2)Rha(a1-3)Rha(a1-3)GlcNAc(a1-2)Rha,1,OAntigen_AcinetobacterBaumanni_O10
[Glc(b1-6)]GalNAc(b1-3)Gal(a1-6)Gal(b1-3)GalNAc(a1-4)GalNAc,1,OAntigen_AcinetobacterBaumanni_O11
[QuiNBut(b1-6)GlcNAc(a1-4)]GalNAc(b1-3)Gal(a1-3)GlcNAc(b1-3)QuiNBut,1,OAntigen_AcinetobacterBaumanni_O12
GlcNAc(a1-4)[Glc(b1-3)]GalNAc(a1-3)GlcNAc(a1-6)GlcNAc,1,OAntigen_AcinetobacterBaumanni_O16
[ManNAc(b1-4)Gal(a1-4)]Gal(b1-3)GalNAc(b1-3)Gal,1,OAntigen_AcinetobacterBaumanni_O18
[Gal(a1-6)]Glc(b1-3)GalNAc(b1-3)Glc,1,OAntigen_AcinetobacterBaumanni_O22
LegOAc(b2-6)GlcNAc(a1-3)FucNAc(a1-3)GlcNAc(a1-4)LegOAc,1,OAntigen_AcinetobacterBaumanni_O24
[GlcNAcA(b1-4)][GlcNAc(b1-6)]Gal(a1-6)Glc(b1-3)GalNAc(b1-3)Gal,1,OAntigen_AcinetobacterBaumanni_ATCC17961
QuiNAc(b1-3)[Gal(a1-6)]GalNAc(a1-4)GalNAc(a1-3)GalNAc(a1-3)QuiNAc,1,OAntigen_AcinetobacterBaumanni
GlcNAcOAc(a1-4)GalNAcA(a1-3)QuiNAc(b1-4)GlcNAcOAc,1,OAntigen_AcinetobacterBaumanni_24
[Rha(a1-4)GlcA(b1-2)Rha(a1-2)]Rha(a1-3)Rha(a1-2)Rha(a1-3)GlcNAc(b1-3)Rha,1,OAntigen_Acinetobacter_44
GalNAcAAla(a1-4)GalNAcA(a1-3)QuiNAc(b1-4)GalNAcAAla,1,OAntigen_AcinetobacterHaemolyticus_ATCC17906
ManNAcA(b1-4)GulNAcOAcA(a1-3)QuiNAcNBut(a1-4)ManNAcA,1,OAntigen_AcinetobacterHaemolyticus_57
ManNAcA(b1-4)GulNAcOAcA(a1-3)QuiNAcNBut(b1-4)ManNAcA,1,OAntigen_AcinetobacterHaemolyticus_61
Rha(a1-3)Rha(a1-2)Rha(a1-3)Rha(a1-3)Gal(b1-2)Rha,1,OAntigen_AcinetobacterJunii_65
QuiNHse(b1-6)Gal(a1-4)GalNAc(a1-3)FucNAc(a1-3)QuiNHse,1,OAntigen_AcinetobacterLwoffii_EK30
Rha(a1-6)Gal(a1-4)[GlcNAc(b1-3)]GalNAc(a1-3)QuiNAc(a1-2)Rha,1,OAntigen_AcinetobacterLwoffii_EK67
[FucNBut(a1-4)]Gal(a1-4)GalNAc(b1-3)Gal(a1-3)GlcNAc(b1-3)Gal,1,OAntigen_Acinetobacter_90
[FucNProp(a1-4)GalNAc(b1-4)]Gal(a1-3)GalNAc(b1-3)Gal,1,OAntigen_Acinetobacter_94
[Fuc(a1-3)]Man(b1-3)Man(a1-3)Fuc(a1-3)GlcNAc(b1-4)Man,1,OAntigen_Acinetobacter_96
QuiNAc(b1-4)PseNAcNAm(b2-4)Gal(b1-4)QuiNAc,1,OAntigen_VibrioCholerae_O2
[Asc(a1-3)]DDManHep(a1-4)FucNAc(a1-3)QuiNAc(b1-2)DDManHep,1,OAntigen_VibrioCholerae_O3
[FucNAc(a1-3)]ManNAcA(b1-3)QuiNAc(b1-4)ManNAcA,1,OAntigen_VibrioCholerae_O5
[GlcA(a1-4)]GlcNAcOAc(a1-3)RhaOAc(b1-4)GlcNAc(b1-6)GlcNAcOAc,1,OAntigen_VibrioCholerae_O6
Glc(a1-4)GalNAcA(a1-3)[Glc(a1-4)]GalNAcA(a1-3)GlcNAc(a1-4)Glc,1,OAntigen_VibrioCholerae_O9
ManNAc(a1-4)GlcA(b1-3)Gal(b1-3)GlcNAc(b1-3)ManNAc,1,OAntigen_VibrioCholerae_O10
[Rha(a1-3)][GalNAc(b1-4)]DDManHep(b1-3)GlcNAc(b1-7)DDManHep,1,OAntigen_VibrioCholerae_O21
[Col(a1-2)]GalOAcA(b1-3)[Col(a1-4)]GlcNAc(a1-4)GalA(a1-3)QuiNAc,1,OAntigen_VibrioCholerae_O22
QuiNThrAc(b1-3)GalNAcA(a1-4)GalNAc(a1-3)QuiNAc(a1-3)QuiNThrAc,1,OAntigen_VibrioCholerae_O43
[Col(a1-2)]Gal(b1-3)[Col(a1-4)]GlcNAc(b1-4)GalA(a1-3)QuiNAc,1,OAntigen_VibrioCholerae_O139
[Gal(a1-3)Fuc(a1-4)GlcNAc(a1-3)]Fuc(a1-3)FucNAc(b1-4)Fuc,1,OAntigen_VibrioCholerae_O155
GalAGroN(a1-4)NeuNAc(a2-3)GalAGroN(b1-3)QuiNAc(b1-4)GalAGroN,1,OAntigen_VibrioCholerae_H11
Rha(a1-3)[GlcNAc(b1-2)]Rha(a1-3)Rha(a1-3)Rha(a1-2),1,OAntigen_VibrioFluvialis_OKA82
[RhaOLac(a1-3)]Man(b1-4)GalNAc(a1-4)GalA(a1-3)GlcNAc(a1-2)Man,1,OAntigen_VibrioFluvialis_AQ0002B
Rha(a1-2)Fuc(a1-2)Gal(a1-2)Fuc(a1-3)GlcA,1,OAntigen_VibrioFluvialis_M940
GalNAc(a1-2)Ribf(b1-4)GalNAc,1,OAntigen_VibrioFluvialis_AA18239
GalNAc(a1-3)GalNAc(b1-2)Gal(b1-3)GalNAc(a1-4)GalNAc,1,OAntigen_VibrioMimicus_N1990
GlcNAcNAlaFo(b1-4)GlcNAcNAmA(b1-4)GlcNAcNAlaFo,1,OAntigen_VibrioOrdalii_O2
[RhaNAcNBut(b1-3)]GlcNAc(a1-3)Rha(a1-3)GlcNAc(b1-4)GlcNAc,1,OAntigen_VibrioVulnificus_CECT4602
GalNAmA(a1-3)QuiNAc(b1-3)Fuc(a1-3)GalNAmA,1,OAntigen_VibrioVulnificus_YJ016
GlcNAcNAla(b1-4)ManNAcNAmA(b1-4)GlcNAcNAla,1,OAntigen_ListonellaAnguillarum_O2a
GlcNAcNAlaFo(b1-4)ManNAcNAmA(b1-4)GlcNAcNAlaFo,1,OAntigen_ListonellaAnguillarum_1282
QuiNAc(b1-3)FucNAc(a1-4)QuiNAc,1,OAntigen_ListonellaAnguillarum_1282_2
GalNAcA(a1-4)GalNFoA(a1-3)QuiNAc(a1-3)QuiNAc(b1-3)GalNAcA,1,OAntigen_ListonellaAnguillarum_V123
QuiNAc(b1-4)[QuiNAc(a1-2)]QuiNAc(b1-4)QuiNAc,1,OAntigen_ListonellaAnguillarum
Rha(a1-3)[Xyl(b1-2)]Rha(a1-3)[Xyl(b1-4)]Rha(a1-2)Rha,1,OAntigen_XanthomonasCampestris_begoniae
Rha(a1-3)[FucNAc(a1-2)]Rha(b1-3)Rha,1,OAntigen_XanthomonasCampestris_campestris
RhaOMe(a1-3)[Fucf(a1-4)]Rha(a1-3)Rha(a1-2)RhaOMe,1,OAntigen_XanthomonasCampestris_malvacearum
Rha(a1-2)Rha(a1-3)[Xyl(b1-2)]Rha(b1-2)Rha,1,OAntigen_XanthomonasCampestris_manihotis
Rha(a1-3)Rha(a1-3)Rha(a1-2)Rha,1,OAntigen_XanthomonasCampestris_phaseoli
[Xyl(b1-4)]Rha(a1-2)[Xyl(b1-3)]Glc(a1-3)[Xyl(b1-4)]Rha(a1-2)Rha,1,OAntigen_XanthomonasCampestris_pruni
[Rha(a1-3)]Rha(a1-2)[Rha(a1-3)]Rha(a1-3)Rha(b1-2)Rha,1,OAntigen_XanthomonasCampestris_vignicola
[Rha(a1-4)]GalA(a1-2)Rha(a1-2)Rha(a1-3)Rha(a1-3)Gal(b1-3)GalA,1,OAntigen_XanthomonasCampestris_NCPPB45
Rha(a1-3)Rha(a1-2)Rha(a1-3)[Xyl(b1-2)][Xyl(b1-4)]Rha(a1-3)Rha(a1-2)Rha,1,OAntigen_XanthomonasCampestris_642
Rha(b1-3)[Xyl(b1-2)]RhaNAc(a1-3)Rha,1,OAntigen_XanthomonasCassavae
6dTalOAc(a1-2)[Araf(a1-6)]GlcNAc(b1-3)6dTalOAc,1,OAntigen_StenotrophomonasMaltophilia_O1
Man(a1-3)[Xyl(b1-2)]Rha(a1-4)Man,1,OAntigen_StenotrophomonasMaltophilia_O2
[FucNAc(a1-4)]Fuc(a1-3)GlcNAc(b1-3)Fuc,1,OAntigen_StenotrophomonasMaltophilia_O3
Rha(a1-3)[Xyl(b1-2)][Xyl(b1-4)]Rha(a1-3)Rha(a1-2)Rha,1,OAntigen_StenotrophomonasMaltophilia_O4
Rha(a1-3)[Xyl(b1-4)]GlcNAc(b1-3)Rha,1,OAntigen_StenotrophomonasMaltophilia_O6
Rha(a1-3)[XylOMe(b1-4)]Rha(a1-4)Rha(a1-2)Rha,1,OAntigen_StenotrophomonasMaltophilia_O8
Rha(b1-2)[Xyl(b1-3)]Rha(a1-2)Rha(a1-2)Rha,1,OAntigen_StenotrophomonasMaltophilia_O10
[FucNAc(a1-2)]Rha(b1-3)RhaNAc(a1-3)RhaNAc(a1-3)RhaNAc(a1-3)RhaNAc,1,OAntigen_StenotrophomonasMaltophilia_O12
[Ribf(a1-4)]ManNAc(b1-4)GlcNAc(b1-3)ManNAc,1,OAntigen_StenotrophomonasMaltophilia_O16
Rha(b1-4)[Glc(a1-3)]Rha(a1-3)Fuc(a1-3)Rha,1,OAntigen_StenotrophomonasMaltophilia_O19
Man(a1-3)Rha(b1-2)Rha(a1-2)Rha(a1-2)Rha,1,OAntigen_StenotrophomonasMaltophilia_O20
[Araf(a1-3)]GlcNAc(a1-4)GalNAc(a1-6)GlcNAc,1,OAntigen_StenotrophomonasMaltophilia_O21
GlcNAc(a1-4)GalNAc(a1-6)GlcNAc,1,OAntigen_StenotrophomonasMaltophilia_O25
Rha(b1-4)Rha(a1-3)Rha(a1-3)Rha,1,OAntigen_HalomonasAlkaliantarctica
Glc(b1-3)[Glc(a1-4)]Gal(b1-4)Glc,1,OAntigen_HalomonasMagadiensis
GulNAcA(a1-4)GulNAcA(a1-6)Glc(a1-4)GulNAcA,1,OAntigen_HalomonasMagadiensis_2
GlcAOLac(b1-4)GlcA(b1-4)GalNAcA(a1-3)QuiNAc(b1-2)GlcAOLac,1,OAntigen_HalomonasPantelleriensis
GlcOMeA(b1-4)[6dTalOMe(a1-3)]FucOMe(a1-4)GlcOMeA,1,OAntigen_RhizobiumEtli
GlcNAmA(b1-4)[6dTalOAcOMe(a1-3)]FucOAc(a1-3)QuiNAc(a1-4)GlcNAmA,1,OAntigen_RhizobiumLeguminosarum_viciae3841
Glc(a1-3)QuiNAc(a1-4)Glc,1,OAntigen_RhizobiumLeguminosarum_viciae5523
Rha(a1-3)Rha(a1-3)[ManNAc(a1-2)]Rha(a1-4)GlcNAc(b1-3)Rha,1,OAntigen_RhizobiumLeguminosarum_trifolii4s
6dTal(a1-2)Rha(a1-5)Sug(a2-3)6dTal,1,OAntigen_RhizobiumLeguminosarum_trifolii24
Rha(a1-3)Fuc(a1-3)[Man(a1-2)]Fuc(a1-3)Rha,1,OAntigen_RhizobiumLeguminosarum_viciae
6dTalOAc(a1-3)Fuc(a1-4)Glc(b1-3)6dTalOAc,1,OAntigen_RhizobiumTropici
[GlcNAcOMe(b1-2)]Rha(a1-3)Rha(a1-3)Rha(a1-3)Rha(a1-2)RhaOMe(a1-3)Rha,1,OAntigen_MesorhizobiumAmorphae_ATCC19655
6dTal(a1-3)6dTalOAc(a1-2)RhaOMe(a1-2)6dTal,1,OAntigen_MesorhizobiumLoti_Mlo13
6dTal(a1-3)6dTal(a1-2)Rha(a1-2)6dTal,1,OAntigen_MesorhizobiumHuakuii
GalA(a1-3)RhaOAc(a1-3)ManOAc(a1-4)GalA,1,OAntigen_SinorhizobiumFredii
Rha(a1-3)Rha(a1-2)RhaOMe(a1-3)Rha,1,OAntigen_Sinorhizobium_NGR234
RhaOMe(a1-3)[GlcNAc(b1-4)]ManNBut(a1-4)RhaOMe,1,OAntigen_AzospirillumBrasilense_S17
Rha(a1-3)Rha(a1-2)[Glc(b1-3)]Rha(a1-3)Rha,1,OAntigen_AzospirillumBrasilense_S17_2
Rha(a1-3)RhaOAc(a1-2)[Glc(b1-3)]Rha(a1-3)Rha,1,OAntigen_AzospirillumLipoferum_SR65
Rha(a1-2)Rha(b1-3)Rha(a1-3)Rha(a1-2)Rha(a1-2)Rha,1,OAntigen_AzospirillumBrasilense_S27
GalNAc(a1-4)ManNAcA(b1-6)GalNAc,1,OAntigen_AzospirillumBrasilense_SP245_5
[Galf(a1-2)Rha(a1-3)Man(b1-3)Rha(a1-3)]Rha(a1-3)Gal(b1-4)Rha,1,OAntigen_AzospirillumIrakense_KBC1
[Rha(a1-3)Rha(a1-2)Rha(a1-3)Man(b1-4)]Gal(a1-3)Gal(b1-3)Gal,1,OAntigen_AzospirillumLipoferum_SP59b
Glc(a1-3)GlcNAc(a1-4)Glc,1,OAntigen_BurkholderiaCepacia_O1
Man(a1-2)Man(a1-4)Gal(b1-2)Man,1,OAntigen_BurkholderiaCepacia_O2E
Man(a1-2)Man(a1-3)Man(b1-2)Man,1,OAntigen_BurkholderiaCepacia_O2E_2
Rha(a1-4)Gal(a1-2)Rha,1,OAntigen_BurkholderiaCepacia_O2_IMV4137
Glc(b1-3)ManOAc(b1-4)Glc,1,OAntigen_BurkholderiaCepacia_O2_IMV598
Ribf(b1-4)GalNAc(a1-2)Ribf,1,OAntigen_BurkholderiaCepacia_O3_CIP8237
GalNAc(a1-4)GalNAc(b1-4)GalNAc,1,OAntigen_BurkholderiaCepacia_O3_IMV4176
Gal(a1-3)Gal(b1-3)GalNAc(b1-3)Gal,1,OAntigen_BurkholderiaCepacia_O4
Rha(a1-3)GalNAc(a1-3)GalNAc(b1-4)Rha,1,OAntigen_BurkholderiaCepacia_O4_2
GalfOAc(b1-3)Man(b1-3)GalfOAc,1,OAntigen_BurkholderiaCepacia_O6
Glc(b1-3)Rha(a1-4)Glc,1,OAntigen_BurkholderiaCepacia_O9
Galf(b1-3)Fuc(a1-3)Galf,1,OAntigen_BurkholderiaCepacia_B
Fuc(a1-3)GlcNAc(b1-3)Fuc,1,OAntigen_BurkholderiaCepacia_E
Fuc(a1-4)GalNAc(b1-3)Fuc,1,OAntigen_BurkholderiaCepacia_I
Fuc(a1-2)Rha(a1-3)Fuc,1,OAntigen_BurkholderiaCepacia_I_2
Rha(a1-3)Man(b1-4)ManOAc(a1-3)Rha,1,OAntigen_BurkholderiaCepacia_J
Rha(a1-3)Man(b1-4)Man(a1-3)Rha,1,OAntigen_BurkholderiaVietnamiensis_LMG6998
Rha(a1-3)Rha(a1-2)Rha(b1-3)Rha,1,OAntigen_BurkholderiaCepacia_K
Rha(a1-3)Rha(a1-2)LDManHep(a1-3)Rha,1,OAntigen_BurkholderiaCepacia_L
Gal(a1-6)GlcNAc(a1-4)GalNAc(b1-3)Gal,1,OAntigen_BurkholderiaCepacia_PVFi-5A
Rha(a1-3)Rha(a1-4)Gal(a1-3)Rha,1,OAntigen_BurkholderiaCepacia
Rha(a1-3)Rha(a1-2)Rha(a1-3)Rha,1,OAntigen_BurkholderiaCepacia_2
Ribf(b1-6)Glc(a1-2)Ribf,1,OAntigen_BurkholderiaCepacia_ASPB2D
Man(a1-2)Rha(a1-3)Man(a1-2)Man,1,OAntigen_BurkholderiaMultivorans_C1576
Man(a1-2)RhaOMe(a1-3)Rha(a1-2)Man,1,OAntigen_BurkholderiaMultivorans_C1576_2
Rha(a1-2)Rha(a1-3)Rha(b1-4)Rha,1,OAntigen_BurkholderiaVietnamiensis_LMG10926
Fuc(a1-3)[Rha(a1-2)]Fuc(a1-3)Rha(a1-3)Fuc,1,OAntigen_BurkholderiaVietnamiensis_LMG10926_2
Rha(a1-2)Rha(a1-2)Gal(a1-3)Rha,1,OAntigen_BurkholderiaAnthina_LMG20983
ManOAc(b1-4)Rha(a1-3)Gal(a1-3)ManOAc,1,OAntigen_BurkholderiaGladioli_gladioli
ManOAc(a1-2)Rha(a1-4)Gal(b1-3)ManOAc,1,OAntigen_BurkholderiaGladioli_agaricicola
[Rha(a1-3)Fuc(a1-2)]Rha(a1-3)ManOAc(b1-4)Rha,1,OAntigen_BurkholderiaGladioli_alliicola
[Xyl(b1-2)][Xyl(b1-4)]6dTal(a1-3)GalNAc(b1-3)6dTal,1,OAntigen_BurkholderiaPhytofirmans
[Sug(a1-2)]Rha(a1-3)Rha(a1-2)Rha(a1-3)Rha,1,OAntigen_BurkholderiaBrasiliensis
GlcNAcA(b1-4)GlcNAcA(b1-4)GalNAcA(a1-4)GlcNAcA,1,OAntigen_BordetellaHinzii
ManNAcNAmA(b1-4)ManNAcNAmA(b1-3)FucNAc(a1-4)ManNAcNAmA,1,OAntigen_BordetellaTrematum
FucNAc(a1-2)QuiNBut(b1-2)Rha(a1-4)Gal(b1-3)FucNAc,1,OAntigen_NaxibacterAlkalitolerans 
Glc(a1-3)Rha(a1-3)Rha(a1-3)Rha(a1-3)Rha(a1-4)Glc,1,OAntigen_SphaerotilusNatans
DDGalHep(a1-2)Rha(a1-4)DDGalHep(b1-3)GlcNAc(a1-4)DDGalHep,1,OAntigen_ChromobacteriumViolaceum 
Glc(b1-6)Gal(b1-6)Gal(b1-3)GlcNAc(b1-3)GalNAc(b1-6)Glc,1,OAntigen_PorphyromonasCircumdentaria 
Gal(a1-6)Glc(a1-4)RhaOPEtn(a1-3)GalNAc(b1-3)Gal,1,OAntigen_PorphyromonasGingivalis 
6dAltf(b1-3)[6dAltf(a1-2)]6dAltf(b1-2)6dAltf(a1-2)6dAltf,1,OAntigen_PectinatusFrisingensis
Glc(a1-3)FucNAm(a1-3)QuiNAcNBut(b1-4)Glc,1,OAntigen_FusobacteriumNecrophorum
PseNAcNAc(b2-4)Gal(b1-4)Glc(b1-4)PseNAcNAc,1,OAntigen_CellulophagaFucicola
Man(b1-3)ManOAc(b1-4)GlcA(b1-3)GlcNAc(a1-2)Man,1,OAntigen_CellulophagaFucicola_2
GlcNAcOAcA(b1-4)FucOAcNAm(a1-3)Sug(a1-4)GlcNAcOAcA,1,OAntigen_FlavobacteriumColumnare
Rha(a1-4)FucNAcA(a1-3)QuiNAc(a1-2)Rha,1,OAntigen_FlavobacteriumPsychrophilum
Gal(b1-4)GlcNAc(b1-3)Gal,1,OAntigen_HelicobacterPylori
Gal(b1-4)[Fuc(a1-3)]GlcNAc(b1-3)Gal,1,OAntigen_HelicobacterPylori_2
Gal(b1-4)[Fuc(a1-3)][Gal(a1-6)]GlcNAc(b1-3)Gal,1,OAntigen_HelicobacterPylori_3
Gal(b1-4)[Fuc(a1-3)][Glc(a1-6)]GlcNAc(b1-3)Gal,1,OAntigen_HelicobacterPylori_4
Rha(a1-2)Rha(b1-3)RhaOAc(a1-3)GlcNAc(b1-2)Rha,1,OAntigen_RalstoniaPickettii_NCTC11149
Rha(a1-4)GalNAcA(a1-3)QuiNAc(b1-4)Rha,1,OAntigen_RalstoniaPickettii
Ribf(b1-3)[Glc(b1-2)]Rha(a1-3)Rha(a1-2)Rha(a1-2)Rha,1,OAntigen_GluconacetobacterDiazotrophicus
GlcNAcA(b1-3)GlcNAcA(b1-3)QuiNAcNAm(a1-4)GlcNAcA,1,OAntigen_PseudaminobacterDefluvii_THI051
RhaOMe(a1-2)RhaOMe(b1-3)Rha(a1-2)RhaOMe(b1-3)Rha(a1-3)RhaOMe,1,OAntigen_AzorhizobiumCaulinodans
[RhaOMe(a1-4)]Glc(a1-3)Rha(a1-3)Rha(a1-3)Glc(b1-3)Glc,1,OAntigen_AcidithiobacillusFerrooxidans
QuiNFo(b1-4)GalNAcA(a1-4)GalNAcA(a1-3)QuiNAc(b1-2)QuiNFo,1,OAntigen_FrancisellaTularensis
GalNAcA(b1-4)GalNAcA(a1-4)GalNAcA(a1-3)QuiNAc(a1-4)GalNAcA,1,OAntigen_FrancisellaTularensis_2
Gal(b1-4)[Gal(a1-6)]Glc(b1-6)GlcNAc(b1-3)Gal,1,OAntigen_ActinobacillusSuis
QuiN(a1-4)GlcA(a1-6)GlcNAc(a1-4)GulNA(a1-3)FucNAc(b1-3)QuiN,1,OAntigen_IdiomarinaZobellii
[Sug(b1-3)GalOAc(a1-2)]Man(a1-4)Rha(a1-3)Gal(a1-3)Man,1,OAntigen_PectobacteriumAtrosepticum_atroseptica
LDManHep(a1-3)6dTalOAc(a1-3)FucNAc(a1-2)LDManHep,1,OAntigen_YokenellaRegensburgei
ManNAcA(b1-2)Rha(a1-3)Rha(b1-4)GlcNAc(a1-4)ManNAcA,1,OAntigen_PragiaFontium_27480
Galf(a1-3)RhaOAc(a1-4)GlcNAc(a1-2)Rha(a1-3)GlcNAc(b1-2)Galf,1,OAntigen_PragiaFontium_97U116
Man(a1-2)Man(a1-2)[Glc(a1-4)]Man(b1-3)FucNAc(a1-6)Man,1,OAntigen_EnterobacterCloacae
Rha(a1-3)Ribf(b1-4)Rha(a1-3)Ribf(b1-4)Rha(a1-3)Rha,1,OAntigen_Enterobacter
Man(b1-3)ManNAc(a1-3)Rha(b1-4)GlcNAc(a1-2)Man,1,OAntigen_RaoultellaTerrigena
[Galf(a1-2)]Rha(a1-6)Glc(a1-2)Man(a1-3)GlcNAc(b1-3)Rha,1,OAntigen_SalmonellaEnterica_Typhimurium
