seqs,preds,method
ATAAGCGTGGAGGTATT,1.564918041229248,Original-Random
ACAGGAGGACGAACATC,1.5478804111480713,Original-Random
ATAAGCGAGGAGTTTCT,1.5734686851501465,Original-Random
AATAGCGTGGAGATATT,1.527658462524414,Original-Random
AAAAGAGTGGAGATTTT,1.5969288349151611,Original-Random
CAGAGCGAGGAGATATT,1.7434413433074951,Original-Random
CAGAGTGAGGAGTTACT,1.656264066696167,Original-Random
CAGAGTGAGGAGTTATT,1.6817145347595215,Original-Random
CAAAGCGGGGAGTTACT,1.5680122375488281,Original-Random
GTAAGCGGGGGGATTCT,1.6240649223327637,Original-Random
CTAAGCGAGGAGTTTCT,1.5847291946411133,Mutated-Random
CTGAGGGTGGAGATATT,1.5303969383239746,Mutated-Random
CTGAGAGTGGAGGTTTT,1.5139172077178955,Mutated-Random
AAGGGCGAGGAGTTTTT,1.5193610191345215,Mutated-Random
CTGAAGGTGGAGTTATT,1.7171711921691895,Mutated-Random
ATAAGAGTGGAGGTATT,1.6570103168487549,Mutated-Random
CAGAGCGAGGAGTTTAT,1.498270034790039,Mutated-Random
CAAAGCGGAGAGTTACT,1.5825612545013428,Mutated-Random
ACCACTGAGGAGAAGAC,1.588097095489502,Mutated-Random
GAGAGCGAGGAGTCTCT,1.4998674392700195,Mutated-Random
AAAAGAGTGGAGATTTT,1.5969288349151611,Mutated-Random
AAAAGGGTGAGGATATT,1.4868953227996826,Mutated-Random
AACAGGAGACAATGACC,1.745814323425293,Mutated-Random
CGTGGGGGGGGGGTACT,1.571948766708374,Mutated-Random
GTGAGGGTGGGAGTACT,1.492910623550415,Mutated-Random
AAGGGGGAGGAGTTTCT,1.8099620342254639,Mutated-Random
CTAAGAGTGGGGATTTT,1.5008313655853271,Mutated-Random
AAGAGCGGGGAGATTCT,1.4815576076507568,Mutated-Random
AATGGAGTGGAGTTACT,1.4726426601409912,Mutated-Random
GAAAGAGTGGAGATTAT,1.5116255283355713,Mutated-Random
CAGAGCTAGGAGATATT,1.5189900398254395,Mutated-Random
AATGGAGGGGAGGTTCT,1.573183298110962,Mutated-Random
TTGGAGGGAGGCATACC,1.6487798690795898,Mutated-Random
CAGAGCGGGGAGATATT,1.5431389808654785,Mutated-Random
CAGAGTGAGGAGCTATT,1.6478888988494873,Mutated-Random
CAGAGCGAGGAGGTTCT,1.58089017868042,Mutated-Random
GATAGAGTGGAGATTTT,1.4727730751037598,Mutated-Random
CAGAGTGAGGAGGTATT,1.800478219985962,Mutated-Random
CTTGGCGAGGAGATACT,1.7256050109863281,Mutated-Random
CAAAGTGGGGAGTTACT,1.6282432079315186,Mutated-Random
ATATGTGTGGAGATACT,1.559206485748291,Mutated-Random
ACAGGAGGACGAACATT,1.7653379440307617,Mutated-Random
CAAAGAGTGGGGATTTT,1.4930264949798584,Mutated-Random
GTGGGCGGAGAGATACT,1.488356590270996,Mutated-Random
AAAAGGGTGGAGATATT,1.5671522617340088,Mutated-Random
CGAAGAGTGGGGATATT,1.5006225109100342,Mutated-Random
AATGGCGAGGAGGTTCT,1.5482714176177979,Mutated-Random
ACAGGAGGACGATCATC,1.511831283569336,Mutated-Random
AAAAGGGAGGGGATATT,1.940507411956787,Mutated-Random
ATAAGCGTGGAGGTACT,1.4742543697357178,Mutated-Random
CAGAGGGAGGAGTTTCT,1.837062120437622,Mutated-Random
ATAAGTGTGGAGACTTT,1.497974157333374,Mutated-Random
CAAAGCGGGGAGTTACT,1.5680122375488281,Mutated-Random
CAGAGTGAGGAGTTTTT,1.6746468544006348,Mutated-Random
CAAAGCGGGGGGTTACT,1.5913803577423096,Mutated-Random
CTGAGAGTGGAGATTTT,1.5685465335845947,Mutated-Random
CGAGGAGTGGAGATTCT,1.4910955429077148,Mutated-Random
AAAAGGGTGGGGAAATT,1.5187866687774658,Mutated-Random
ATTAGCGTGGAGATATT,1.6330299377441406,Mutated-Random
AATAGGAGAAAATCCCC,1.6274356842041016,Mutated-Random
CAGCGTGAGGAGTTATT,1.4834601879119873,Mutated-Random
ACGAGAGGGTGAACACC,1.5438454151153564,Mutated-Random
ATAAGTGTGGAGAATTT,1.5169744491577148,Mutated-Random
AGAAGCGAGGGGTTATT,1.580625057220459,Mutated-Random
ATATGCGTGGAGATACT,1.6065912246704102,Mutated-Random
GGAGGGGGGGAGTTATT,1.9056260585784912,Mutated-Random
CAGAGCGAGGAGATTCT,1.556333065032959,Mutated-Random
AATAGAGTGGAGATTTT,1.618323802947998,Mutated-Random
ATGGACGAGGGGTTACT,1.6142582893371582,Mutated-Random
AATAGGGTGGAGATATT,1.565415382385254,Mutated-Random
CTTAGCGGGGAGTTACT,1.588484764099121,Mutated-Random
CAAAGCGGGGAGTTAGT,1.6608364582061768,Mutated-Random
GTAAGCGGGGGGAGTCT,1.5092475414276123,Mutated-Random
ACAAGAGGAACATACCT,1.6617398262023926,Mutated-Random
AAAAGAGTGGAGGTTTT,1.5515947341918945,Mutated-Random
AAGAGGGTGGGGATATT,1.489549160003662,Mutated-Random
CAGAATGAGGAGTTATT,1.7881078720092773,Mutated-Random
GTGGGGGGGGAGATACT,1.6759400367736816,Mutated-Random
CAGAGTGAGGACTTATT,1.598383903503418,Mutated-Random
AAGGGCGGAGAGTTATT,1.4849679470062256,Mutated-Random
GCTGGAGGAACAAACCC,1.5613763332366943,Mutated-Random
GAGAGGGAGGAGTTTCT,1.8605577945709229,Mutated-Random
AAGGGAGAGGAGTTTCT,1.7624850273132324,Mutated-Random
AATAGCGAGGAGATATT,1.9343245029449463,Mutated-Random
CAGAGTGAGGAGTTACT,1.656264066696167,Mutated-Random
CAGAGTGAGGAGTAATT,1.7910268306732178,Mutated-Random
GTGAGGGAGGGGGTACT,1.7759640216827393,Mutated-Random
ACAGGAGGACGAAAATC,1.66087007522583,Mutated-Random
AATAGAGTGGAGTAACT,1.4894511699676514,Mutated-Random
AAAAGAGTGGAGATCTT,1.5577032566070557,Mutated-Random
CAGAGTGAGGAGATACT,1.7872412204742432,Mutated-Random
ATGAGCGAGGAGTTTCT,1.5390188694000244,Mutated-Random
CAAAGCGAGGAGTTTCT,1.5264286994934082,Mutated-Random
CAGAGCGAGGAGATAAT,1.66532301902771,Mutated-Random
AAAAGCGTGGAGGTATT,1.5136082172393799,Mutated-Random
AAGAGTGAGGAGTTACT,1.7239594459533691,Mutated-Random
ATAAGAGTGGAGATTTT,1.6327307224273682,Mutated-Random
CAGAGTGAGGAGTTAAT,1.740419864654541,Mutated-Random
CAGAGGGAGGAGTTACT,1.9194138050079346,Mutated-Random
CTGAGGGGGGAGTTATT,1.8571038246154785,Mutated-Random
CAGACTGAGGAGTTACT,1.577739953994751,Mutated-Random
CAGAGTGAGGAGTTAGT,1.5973284244537354,Mutated-Random
AATAGCGTGGAGATTTT,1.4950952529907227,Mutated-Random
ATATGCGTGGAGGTATT,1.72408127784729,Mutated-Random
CAGAGGGAGGAGTTATT,1.8911182880401611,Mutated-Random
GAGAGCGAGGAGTTTAT,1.6249079704284668,Mutated-Random
CAGAGAGAGGAGTTTCT,1.7220280170440674,Mutated-Random
CATAACGTGGGGATATT,1.5322935581207275,Mutated-Random
CAAAGCGAGGAGATATT,1.8599779605865479,Mutated-Random
CAGATTGAGGAGTTACT,1.5091254711151123,Mutated-Random
GAGAGAGAGGAGTTTCT,1.7160789966583252,Mutated-Random
TATAGCGTGGGGGTATT,1.473881721496582,Mutated-Random
GTAGGCGGGGAGATACT,1.5183131694793701,Mutated-Random
CAGAGTGAGGGGTTATT,1.4907972812652588,Mutated-Random
GTAAGCGGGGGGATCCT,1.5339291095733643,Mutated-Random
CAGAGCGAGGAAATATT,1.6369595527648926,Mutated-Random
CGGAGTGAGGAGTTATT,1.6395576000213623,Mutated-Random
ATAAGCGAGGAGTCTCT,1.5544426441192627,Mutated-Random
CAGATTGAGGAGTTATT,1.652972936630249,Mutated-Random
CTAAGCGTGGAGGTATT,1.486224889755249,Mutated-Random
AAGGGGGGGGAGTTATT,1.6792430877685547,Mutated-Random
GATGGCGAGGAGTTACT,1.5001885890960693,Mutated-Random
CTTGGGGGGGAGATACT,1.8588624000549316,Mutated-Random
GGATGCGGGGAGTTATT,1.4890046119689941,Mutated-Random
GTGAGCGGGGGGATTCT,1.4882619380950928,Mutated-Random
AATTGCGGGGAGGTTCT,1.624098539352417,Mutated-Random
CTTAGCGGGGAGATACT,1.779573678970337,Mutated-Random
ATAAGCGAGGAGTTTAT,1.6819369792938232,Mutated-Random
CAGAGTGAGGAGTTCTT,1.5856778621673584,Mutated-Random
GCAAGAGGGGAAACCTC,1.517092227935791,Mutated-Random
CTTAGCGGGGGGGTACT,1.6253607273101807,Mutated-Random
ATAAGGGAGGAGTTTCT,1.8295605182647705,Mutated-Random
ATAAGCGTGGAGATATT,1.5503897666931152,Mutated-Random
AAGAGAGTGGAGATTTT,1.640024185180664,Mutated-Random
GTAAGCGGAGGGATTCT,1.6138153076171875,Mutated-Random
ACAAGAGTGGAGATTTT,1.6155266761779785,Mutated-Random
AGGGGGGAGGGGATTCT,1.6325080394744873,Mutated-Random
AAGAGTGAGGAGTTATT,1.8238458633422852,Mutated-Random
AAGGGCGAGGAGTTATT,1.5442659854888916,Mutated-Random
TAGAGCGAGGAGATATT,1.8979029655456543,Mutated-Random
AACAGGAGACCAACACT,1.7124314308166504,Mutated-Random
CTGAGAGTGGAGTTTTT,1.4863429069519043,Mutated-Random
AAAAGAGTGGAGATATT,1.673130750656128,Mutated-Random
CAGAGCAAGGAGATATT,1.6166574954986572,Mutated-Random
AATAGAGTGGAGTTATT,1.5090723037719727,Mutated-Random
CAGAGTGAGGAATTATT,1.648754358291626,Mutated-Random
AAAAGGGTGGTGATATT,1.4911143779754639,Mutated-Random
AGAAGAGTGGGGATTTT,1.5403027534484863,Mutated-Random
ATAAGGAGAGCAACCCC,1.4781365394592285,Mutated-Random
CAGAGAGAGGAGTTACT,1.8361797332763672,Mutated-Random
CAAAGAGTGGAGATTTT,1.5375783443450928,Mutated-Random
CTTGACGGGGAGATACT,1.5643150806427002,Mutated-Random
ACAGGAGGACTAACATC,1.757075548171997,Mutated-Random
AGAAGAGTGGGGATACT,1.5303375720977783,Mutated-Random
CGTGGGGAGGGGGTACT,1.5995817184448242,Mutated-Random
AATAGAGTGGGGGTATT,1.5008950233459473,Mutated-Random
ATAAGCGAGGGGTTTCT,1.5331971645355225,Mutated-Random
CTTGGAGGGGGGGTACT,1.604262113571167,Mutated-Random
ATAAGTGGGGAGATTTT,1.741438627243042,Mutated-Random
CGTAGCGGAGAGTTACT,1.4974586963653564,Mutated-Random
CAGAGGGAGGAGATATT,2.039496660232544,Mutated-Random
AAAAGGGTGGAGATTTT,1.4941272735595703,Mutated-Random
GAGAACGAGGAGTTTCT,1.4729576110839844,Mutated-Random
ACAGGAGGACGAAGATC,1.5297095775604248,Mutated-Random
AAGAGCGAGGAGATATT,1.8705451488494873,Mutated-Random
CTGAGTGAGGAGTTACT,1.6442017555236816,Mutated-Random
CATAGCGAGGGGATATT,1.8659703731536865,Mutated-Random
GTGGGAGGGGAGATACT,1.790708303451538,Mutated-Random
ATAAGTGTGGAGGTATT,1.503589391708374,Mutated-Random
ATGAGAGTGGAGTTTTT,1.637089490890503,Mutated-Random
GAGAGTGAGGAGTTTCT,1.5568087100982666,Mutated-Random
AGAAGAGTGGGGATTAT,1.5157523155212402,Mutated-Random
GATGGGGGGGAGTTATT,1.73887038230896,Mutated-Random
AAAAGGGTGGGGACATT,1.5058131217956543,Mutated-Random
CGTAGGGGGGAGTTACT,1.789522647857666,Mutated-Random
CAAAGCGGGGAGTTAAT,1.5211241245269775,Mutated-Random
AAGGGGGGGGAGATTCT,1.678025722503662,Mutated-Random
ATAAGGGTGGAGATTTT,1.5176644325256348,Mutated-Random
ATAAGTGAGGAGATTTT,1.8677103519439697,Mutated-Random
AAGGACGGGGAGTTATT,1.480956792831421,Mutated-Random
TATAGCGTGGAGATATT,1.6201536655426025,Mutated-Random
ATAAGGGTGGAGGTATT,1.510972261428833,Mutated-Random
GTAAGCGGGGAGATTCT,1.5602807998657227,Mutated-Random
CAAAGTGAGGAGTTATT,1.7459783554077148,Mutated-Random
CAGAGCGAGGAGATAGT,1.5431418418884277,Mutated-Random
ACAGGAGGACAAACATC,1.765965223312378,Mutated-Random
CAGAGCGAGGAGCTATT,1.5346367359161377,Mutated-Random
AGGGGCGAGGGGATTTT,1.5470035076141357,Mutated-Random
AAAAGGGTGGGAATATT,1.5971336364746094,Mutated-Random
GTAAGCGGGGGGAATCT,1.5241003036499023,Mutated-Random
ATTAGCGTGGAGGTATT,1.6553418636322021,Mutated-Random
CTTTGCGGGGGGGTACT,1.7410531044006348,Mutated-Random
GACAGGAGAAAAACCTT,1.7452902793884277,Mutated-Random
AGGAGCGAGGGGATTCT,1.560610055923462,Mutated-Random
CAAAGAGGGGAGTTACT,1.8887584209442139,Mutated-Random
CAGAGTGAGGAGTGACT,1.6927266120910645,Mutated-Random
AATAGCGGGGAGATATT,1.8109426498413086,Mutated-Random
ATGAGCGAGGGGTTACT,1.5719804763793945,Mutated-Random
AGAGGCGAGGGGATTCT,1.5685324668884277,Mutated-Random
AAAGGCGAGGAGTTTCT,1.5835938453674316,Mutated-Random
AGAAGAGTGGAGATTTT,1.6907787322998047,Mutated-Random
AATAGCGAGGGGGTATT,1.68247389793396,Mutated-Random
ATAAGCGTGGAGGTTTT,1.5070748329162598,Mutated-Random
AAGTGCGGGGAGATTCT,1.4724693298339844,Mutated-Random
GATAGCGGGGAGTTATT,1.5281097888946533,Mutated-Random
CGAGGCGAGGAGATTCT,1.6876447200775146,Mutated-Random
AAAAGAGCGGAGATTTT,1.5178182125091553,Mutated-Random
AAAGGAGGACGAACATC,1.660149335861206,Mutated-Random
AAAAGAGTGGGGATTTT,1.5372960567474365,Mutated-Random
CAAAGCGGGGAGATACT,1.7198460102081299,Mutated-Random
CAAAGCGAGGAGTTACT,1.636582612991333,Mutated-Random
CTAAGCGGGGAGTTACT,1.6251308917999268,Mutated-Random
AAGGGTGAGGAGTTTCT,1.497337818145752,Mutated-Random
TATGGCGTGGAGATATT,1.4863874912261963,Mutated-Random
CAATGAGTGGGGTTTCT,1.5155956745147705,Mutated-Random
CATAGTGAGGAGTTACT,1.768841028213501,Mutated-Random
CAGAGTGAGGAGTTATT,1.6817145347595215,Mutated-Random
ATAAGCGAGGAATTTCT,1.4826176166534424,Mutated-Random
CTGAGCGAGGAGATATT,1.7591257095336914,Mutated-Random
CAGAGTGAGGGGTTACT,1.5162098407745361,Mutated-Random
AATAGCGTGGAGAAATT,1.4952671527862549,Mutated-Random
ATATGTGTGGGGTTATT,1.4842052459716797,Mutated-Random
AAAAGAGTGGAGATTAT,1.555849313735962,Mutated-Random
ATGGGGGAGGGGTTACT,1.6013498306274414,Mutated-Random
CAGAGTGAGGACTTACT,1.6327621936798096,Mutated-Random
AAAAGAGTGGAAATTTT,1.4905874729156494,Mutated-Random
CTAAGAGGGGGGTTTCT,1.8797791004180908,Mutated-Random
CCGAGTGAGGAGTTATT,1.5464303493499756,Mutated-Random
GTAAGCGGGGGGATACT,1.7092339992523193,Mutated-Random
AGTGGCGAGGAGTTACT,1.541975736618042,Mutated-Random
AGAAGCGTGGAGGTATT,1.6264286041259766,Mutated-Random
ACAGGAGGAAGAACATC,1.6723625659942627,Mutated-Random
GGAGGCGGGGAGTTACT,1.492682695388794,Mutated-Random
AAGGGCGAGGAGGTTCT,1.4734282493591309,Mutated-Random
TTAAGCGAGGAGTTTCT,1.4791624546051025,Mutated-Random
GTAAGAGGGGGGATTCT,1.8888390064239502,Mutated-Random
AATAGAGTGGAGATACT,1.57586669921875,Mutated-Random
ACAAGAAGGACATACCT,1.5460121631622314,Mutated-Random
CGGAGCGAGGAGATATT,1.758868932723999,Mutated-Random
CAGAGTGAGGAATTACT,1.7251296043395996,Mutated-Random
CAGACTGAGGAGTTATT,1.6991291046142578,Mutated-Random
ACAAGAAGGAGAACCCC,1.6011457443237305,Mutated-Random
ACAGGAGGAGGAACATC,1.850095510482788,Mutated-Random
CATGGCGGGGAGATACT,1.5577359199523926,Mutated-Random
GTAAGAGTGGAGATTTT,1.4882421493530273,Mutated-Random
ATAATCGTGGAGGTATT,1.494931936264038,Mutated-Random
CAGAGTGAGGAGTCATT,1.7261743545532227,Mutated-Random
TTAAGCGTGGAGGTATT,1.4973604679107666,Mutated-Random
AATAGAGGGGAGTTACT,1.8746488094329834,Mutated-Random
CTAGGCGGGGAGATACT,1.5514211654663086,Mutated-Random
ATTAGCGAGGAGTTTCT,1.562370777130127,Mutated-Random
AAAAGGAGGCTAAACCC,1.9990367889404297,Mutated-Random
CTTGGAGGGGAGATACT,1.9011352062225342,Mutated-Random
GAAAGAGTGGAGAATTT,1.4871413707733154,Mutated-Random
GGGAGCGAGGAGTTTCT,1.4837491512298584,Mutated-Random
CTGATGGTGGAGTTATT,1.625331163406372,Mutated-Random
AAAGGAGTGGAGATTTT,1.7071566581726074,Mutated-Random
CAGAGTGAGGAGTTACC,1.631319284439087,Mutated-Random
ATGTGCGAGGGGTTACT,1.481607437133789,Mutated-Random
AAAAGAGGGGAGATTTT,2.0370357036590576,Mutated-Random
CAGTGTGAGGAGTTATT,1.6265029907226562,Mutated-Random
CAGAGCGAGGAGACATT,1.6379673480987549,Mutated-Random
AAAAGCGGGGAGTTACT,1.5972657203674316,Mutated-Random
CAGAGCGAGGAGATATC,1.5590200424194336,Mutated-Random
CAGGGGGGGGAGTTTTT,1.6294751167297363,Mutated-Random
CATAGTGAGGAGTTATT,1.7916395664215088,Mutated-Random
AGTGGAGGGGAGTTACT,1.641913890838623,Mutated-Random
ATATGTGTGGAGATTTT,1.5587925910949707,Mutated-Random
GGAGGCGGGGAGATATT,1.564283847808838,Mutated-Random
ATAAGCGGGGAGATACT,1.7623016834259033,Mutated-Random
CAGAACGAGGAGATATT,1.9601061344146729,Mutated-Random
CAAAGAGGGGGGTTTCT,1.8485960960388184,Mutated-Random
AAAAGCGAGGAGTTTCT,1.5375521183013916,Mutated-Random
TACTAGGAGGCCAACAC,1.5595669746398926,Mutated-Random
TGAAGAGTGGGGATTCT,1.500798225402832,Mutated-Random
AGAAGGGTGGGGATATT,1.4817888736724854,Mutated-Random
CAGAGCGAGGAGAAATT,1.6132261753082275,Mutated-Random
ATAAGCGGGGAGTTTCT,1.5196709632873535,Mutated-Random
CTGAGTGAGGAGTTATT,1.6831426620483398,Mutated-Random
AAAAAAGTGGAGATTTT,1.544306755065918,Mutated-Random
GAAAGAGTGGAGACTTT,1.5541653633117676,Mutated-Random
AAGGACGAGGAGTTTCT,1.5167138576507568,Mutated-Random
ATAAGCGAGGAGTTTTT,1.7738795280456543,Mutated-Random
ACAGGAGGATGAACATC,1.6762042045593262,Mutated-Random
GTAAGCGGGGGGATTAT,1.7542073726654053,Mutated-Random
CAGAGTGAGGAGTTTCT,1.534867286682129,Mutated-Random
TAAAGGGTGGGGATATT,1.5136504173278809,Mutated-Random
CGAAGAGGGGGGATTTT,1.996525526046753,Mutated-Random
GAGAGTGAGGAGTTACT,1.7204437255859375,Mutated-Random
GTAAGCAGGGGGATTCT,1.5826072692871094,Mutated-Random
ATGAGTGTGGAGATTTT,1.4915728569030762,Mutated-Random
CTGAAAGTGGAGTTTTT,1.4777987003326416,Mutated-Random
ATAAGAGAGGAGTTTCT,1.75230073928833,Mutated-Random
CAGAGCGAGGAGATACT,1.6576080322265625,Mutated-Random
AAGGGAGGGGAGATTCT,1.7337958812713623,Mutated-Random
AGAAGAGTGGAGATTCT,1.4823503494262695,Mutated-Random
ATAAGCGAGGAGGTATT,1.9693288803100586,Mutated-Random
CTAAGCGGGGGGATTCT,1.6936063766479492,Mutated-Random
AGGGGCGAGGGGATACT,1.4816765785217285,Mutated-Random
ATTGGAGTGGAGATACT,1.668689489364624,Mutated-Random
CAAAGAGAGGGGTTTCT,1.7202272415161133,Mutated-Random
ATGGGCGAGGAGTTACT,1.5322470664978027,Mutated-Random
CAGATCGAGGAGATATT,1.8016119003295898,Mutated-Random
CAAAGTGGGGAGATTCT,1.6229825019836426,Mutated-Random
ACAGGAGGACCAACATC,1.667954921722412,Mutated-Random
CAGAGCGAGGAGATTTT,1.658228874206543,Mutated-Random
AATTGCGTGGAGATATT,1.5880403518676758,Mutated-Random
AAAAGAGTGGAGACTTT,1.6506311893463135,Mutated-Random
GTGAGGGGGGGGGTACT,1.7242400646209717,Mutated-Random
AAAAGCGTGGAGATATT,1.529395341873169,Mutated-Random
CGTAGCGGGGAGTTAGT,1.539360523223877,Mutated-Random
CAGGGCGAGGAGATATT,1.5781006813049316,Mutated-Random
GTAAGCGGGGGGATTCT,1.6240649223327637,Mutated-Random
CTGGGAGGGGAGTTTTT,1.5740692615509033,Mutated-Random
CAGTGTGAGGAGTTACT,1.6312696933746338,Mutated-Random
AACGGAGGATCAACATT,1.5748639106750488,Mutated-Random
GGAGGAGGGGAGTTATT,1.7885401248931885,Mutated-Random
GAAAGCGGGGGGATTCT,1.6436150074005127,Mutated-Random
CATAGGGTGGGGATATT,1.510000467300415,Mutated-Random
ATGAGGGTGGAGTTATT,1.5651500225067139,Mutated-Random
CGGAGTGAGGAGTTACT,1.6169075965881348,Mutated-Random
ATTAGCGTGGGGGTATT,1.498539924621582,Mutated-Random
CGAAGAGTGGAGATTTT,1.564887523651123,Mutated-Random
CGATGAGTGGGGATTTT,1.6049773693084717,Mutated-Random
AAAAGAGAGGAGATTTT,2.051283597946167,Mutated-Random
GGAGGCGGAGAGTTATT,1.606557846069336,Mutated-Random
GAAAGAGAGGAGATTTT,1.9451868534088135,Mutated-Random
ATATGCGAGGAGTTTCT,1.6984858512878418,Mutated-Random
CAGAGTGAGGAGTTATC,1.6200671195983887,Mutated-Random
GTTAGCGGGGGGATTCT,1.5786380767822266,Mutated-Random
GAAAGAGGGGAGATTTT,1.9908735752105713,Mutated-Random
CTAAGAGAGGGGTTTCT,1.7811667919158936,Mutated-Random
ATAAGCGAGGAGTATCT,1.5216405391693115,Mutated-Random
GATTGCGGGGAGTTATT,1.5403962135314941,Mutated-Random
CAGAGAGAGGAGATATT,2.080521821975708,Mutated-Random
GTGAGCGGGGAGATACT,1.5384647846221924,Mutated-Random
ACCACGGAGGACAAGAC,1.6239137649536133,Mutated-Random
GTAAGCGGGGGGGTTCT,1.528106689453125,Mutated-Random
AATAGAGTGGAGATATT,1.6849045753479004,Mutated-Random
TAAAGAGTGGAGATTTT,1.6671736240386963,Mutated-Random
CATAGCGTGGGGATATT,1.4921951293945312,Mutated-Random
AATAGAGAGGAGTTACT,1.8586487770080566,Mutated-Random
TGAGGCGGGGAGTTATT,1.5458736419677734,Mutated-Random
CAAAGTGAGGAGTTACT,1.73893141746521,Mutated-Random
ACAAGGAGGCGAACCCC,1.6850736141204834,Mutated-Random
TGTAGCGGGGAGTTACT,1.501302719116211,Mutated-Random
AAGGGCGAGGAGTTACT,1.541860818862915,Mutated-Random
ACAAGGAGAACATACCT,1.9544622898101807,Mutated-Random
GTAAGCGGGGGGATTGT,1.8646445274353027,Mutated-Random
ATAAGCGTGGAGGAATT,1.579888105392456,Mutated-Random
TAGAGTGAGGAGTTATT,1.845763921737671,Mutated-Random
ACAGGAGGACGAACACC,1.4736549854278564,Mutated-Random
CAGAGTGAGGAGTCACT,1.6885654926300049,Mutated-Random
CAAAGGGGGGAGTTACT,1.8596580028533936,Mutated-Random
AATAACGTGGAGATATT,1.6204888820648193,Mutated-Random
AGTGGGGGGGAGTTACT,1.7704758644104004,Mutated-Random
CTATGAGTGGGGTTTCT,1.4929730892181396,Mutated-Random
GGAAGCGGGGGGATTCT,1.5595335960388184,Mutated-Random
CAGTGCGAGGAGATATT,1.8134596347808838,Mutated-Random
AGTAGCGTGGAGATATT,1.4975743293762207,Mutated-Random
CGGGGAGAGGGGTTACT,1.5092189311981201,Mutated-Random
ATAAGTGAGGAGTTTCT,1.5872063636779785,Mutated-Random
CTAAGAGTGGAGTTTTT,1.5069406032562256,Mutated-Random
ACAAGAAGGGGAACCCC,1.484997034072876,Mutated-Random
CATAGCGGGGAGTTACT,1.6749582290649414,Mutated-Random
CAGGGAGGGGAGTTTTT,1.6096289157867432,Mutated-Random
CTTGGGGGGGGGGTACT,1.4976179599761963,Mutated-Random
CATTGCGTGGGGATATT,1.5394079685211182,Mutated-Random
CTGAGGGAGGAGTTATT,1.9398105144500732,Mutated-Random
CAAAGCGGGGAGGTACT,1.7071399688720703,Mutated-Random
GAAAGAGTGGAGGTTTT,1.4878325462341309,Mutated-Random
ATGAGCGTGGAGGTATT,1.4977829456329346,Mutated-Random
ATAAGGGTGGAGATACT,1.5096406936645508,Mutated-Random
CTGAGAGTGGAGTCTTT,1.5340211391448975,Mutated-Random
CGGGGGGAGGGGTTACT,1.4934966564178467,Mutated-Random
GAGAGCGAGGAGGTTCT,1.5558388233184814,Mutated-Random
AAAAGAAGGATAAACCC,1.5808885097503662,Mutated-Random
ATAAGCGAGGAGATTCT,1.7262861728668213,Mutated-Random
CAGAGTGAGGAGTGATT,1.681973934173584,Mutated-Random
CGTAGAGGGGAGTTACT,1.7737746238708496,Mutated-Random
GATGGAGTGGAGATATT,1.55399751663208,Mutated-Random
CAAAGCGGGGAGTGACT,1.5270678997039795,Mutated-Random
AAAAGCGTGGGGATATT,1.478447675704956,Mutated-Random
CTCGAGGAGACGATAAT,1.6302342414855957,Mutated-Random
ATTGGTGAGGAGATACT,1.7688746452331543,Mutated-Random
CATAGAGTGGGGATATT,1.6523511409759521,Mutated-Random
GTATGCGGGGGGATTCT,1.7617995738983154,Mutated-Random
ATAAGCGGGGGGATTCT,1.6522152423858643,Mutated-Random
ATAAACGAGGAGTTTCT,1.5703530311584473,Mutated-Random
AAACGAGTGGAGATTTT,1.4941010475158691,Mutated-Random
GAAAGAGTGGAGATTTT,1.482480525970459,Mutated-Random
CATAGCGTGGAGATATT,1.5851795673370361,Mutated-Random
ATAAGTGAGGAGATACT,1.8407645225524902,Mutated-Random
CAGAGTGAGGAGATATT,1.880650281906128,Mutated-Random
GAAGGAGTGGAGATTTT,1.6359105110168457,Mutated-Random
GTAAGTGGGGGGATTCT,1.6148791313171387,Mutated-Random
ATAAGCGAGGAGTTCCT,1.5229218006134033,Mutated-Random
ATAGGCGAGGGGTTACT,1.5555822849273682,Mutated-Random
CAGAGTGAGGAGGTACT,1.7671339511871338,Mutated-Random
ATAAGTGTGGAGAAACT,1.4725568294525146,Mutated-Random
AAAAGAGTGGAGAATTT,1.5908992290496826,Mutated-Random
AAAATGGTGGGGATATT,1.5441665649414062,Mutated-Random
GTAAGCGGGGGGATTTT,1.7921030521392822,Mutated-Random
GAGAGCGAGGAGATTCT,1.5723965167999268,Mutated-Random
CTTTGCGGGGAGATACT,1.7807681560516357,Mutated-Random
ATAAGCGAGGAGTTTGT,1.577570915222168,Mutated-Random
GAGAGCGAGGAGTTACT,1.5761854648590088,Mutated-Random
GTAAGGGGGGGGATTCT,1.7194850444793701,Mutated-Random
AAAAAGGTGGGGATATT,1.6943509578704834,Mutated-Random
CAGAGCGAGGAGATATT,1.7434413433074951,Mutated-Random
GAGAGCGAGGAGATATT,1.8186736106872559,Mutated-Random
CAAAGCGGGGAGTTATT,1.5369536876678467,Mutated-Random
ATAAGCGAGGAGGTTCT,1.756683349609375,Mutated-Random
ATAAGTGAGGGGTTATT,1.729356288909912,Mutated-Random
ATAAGCGGGGAGGTATT,1.840224027633667,Mutated-Random
CTGAGAGGGGAGTTTTT,1.8679862022399902,Mutated-Random
ATAAGCGAGGAGTTACT,1.7340593338012695,Mutated-Random
CAAAGCGGGGAGTTACC,1.521550178527832,Mutated-Random
AAAAGAGTGGAGTTTTT,1.472987413406372,Mutated-Random
CTTGGCGGAGAGATACT,1.5344953536987305,Mutated-Random
ACAGGAGGACGAACATC,1.5478804111480713,Mutated-Random
TAAAGCGGGGAGTTACT,1.6562418937683105,Mutated-Random
TTAAGCGGGGGGATTCT,1.5871264934539795,Mutated-Random
ATAGGGGAATTGTGAGT,1.7296051979064941,Mutated-Random
ATAGGAGGACGAACATC,1.6680514812469482,Mutated-Random
CTGGGGGGGGAGTTTTT,1.5742030143737793,Mutated-Random
TAGAGTGAGGAGTTACT,1.7073523998260498,Mutated-Random
ATAGGCGAGGAGTTTCT,1.6447014808654785,Mutated-Random
CAGAGTGAGGATTTATT,1.5019328594207764,Mutated-Random
AATGGGGGGGAGGTTCT,1.4792814254760742,Mutated-Random
ATGGGAGAGGGGTTACT,1.6518847942352295,Mutated-Random
ATAGGCGTGGAGGTATT,1.496483325958252,Mutated-Random
GGAGGCGGGGAGGTATT,1.517892837524414,Mutated-Random
CAGAGCGAGGATATATT,1.498443365097046,Mutated-Random
CGAAGAGAGGGGATTTT,1.8546466827392578,Mutated-Random
CTGAGGGTGGAATTATT,1.4905333518981934,Mutated-Random
GTAAGCGGGGGAATTCT,1.5606772899627686,Mutated-Random
ATAGGAGTGGAGTTTCT,1.5016870498657227,Mutated-Random
ACAGGAGGGCGAACATC,1.47662353515625,Mutated-Random
CAGAGCGAGGACATATT,1.5516860485076904,Mutated-Random
GTAAGCGAGGGGATTCT,1.6111302375793457,Mutated-Random
ATAAGCGTGGAGGTATT,1.564918041229248,Mutated-Random
CAGAGTGAGGATTTACT,1.5984270572662354,Mutated-Random
ATAAACGTGGAGGTATT,1.5153710842132568,Mutated-Random
AGGGGAGAGGGGATTCT,1.6655864715576172,Mutated-Random
AATAGCGTGGAGATATT,1.527658462524414,Mutated-Random
AGAAGCGAGGAGTTTCT,1.5576517581939697,Mutated-Random
CAGAGAGAGGAGTTATT,1.87569260597229,Mutated-Random
GAATGAGTGGAGATTTT,1.6535751819610596,Mutated-Random
CAGAGCGAGGAGTTACT,1.494704008102417,Mutated-Random
ATAAGTGGGGGGTTATT,1.7453155517578125,Mutated-Random
ATAAGCGAGGAGTTTCT,1.5734686851501465,Mutated-Random
AGAAGCGGGGGGTTATT,1.6408581733703613,Mutated-Random
CAAAGTGAGGAGATTCT,1.739802360534668,Mutated-Random
TATAGCGTGGGGATATT,1.5010571479797363,Mutated-Random
AGAAGAGTGGGGAATCT,1.4755196571350098,Mutated-Random
CAAAGCGGGGAATTACT,1.5219907760620117,Mutated-Random
GAAAGCGGGGAGTTACT,1.563286542892456,Mutated-Random
GCAGGAGGACGAACATC,1.4966137409210205,Mutated-Random
GATGGAGGGGAGTTATT,1.692929983139038,Mutated-Random
CGTAGCGGGGAGATACT,1.602297306060791,Mutated-Random
AAGGGCGAGGAGATTCT,1.5618934631347656,Mutated-Random
AAAAGGGGGGGGATATT,1.9324986934661865,Mutated-Random
CACAGTGAGGAGTTACT,1.5531752109527588,Mutated-Random
CGTAGCGAGGAGTTACT,1.544524908065796,Mutated-Random
AATATCGTGGAGATATT,1.595797061920166,Mutated-Random
AATAGCGGGGAGGTTCT,1.5996322631835938,Mutated-Random
CGTAGCGGGGAGGTACT,1.6470699310302734,Mutated-Random
GAGAGCGAGGAGTTTTT,1.5946166515350342,Mutated-Random
ATAAGCGAGGAGATACT,1.8288826942443848,Mutated-Random
AGAAGAGTGGGGAGTCT,1.4948759078979492,Mutated-Random
CAGAATGAGGAGTTACT,1.647341012954712,Mutated-Random
TAGAGCGAGGAGTTTCT,1.496324062347412,Mutated-Random
TTGGGGGGAGGCATACC,1.537015438079834,Mutated-Random
ATAAGTGTGGAGATATT,1.507631540298462,Mutated-Random
GAGAGTGAGGAGTTATT,1.773468017578125,Mutated-Random
GTGGGCGAGGAGATACT,1.5087549686431885,Mutated-Random
AAGGGAGGGGAGTTATT,1.7203614711761475,Mutated-Random
CAGAGCGAGGAGTTTTT,1.5351312160491943,Mutated-Random
CAGGGTGAGGAGTTACT,1.5480375289916992,Mutated-Random
ATTGGCGGGGAGATACT,1.524836540222168,Mutated-Random
CATAGCGAGGAGATATT,1.9934754371643066,Mutated-Random
AGAGGAGGACGAACATC,1.7552580833435059,Mutated-Random
CACAGCGAGGAGATATT,1.6257860660552979,Mutated-Random
AGGGACGAGGGGATTCT,1.5730719566345215,Mutated-Random
AGGGGCGAGGAGATTCT,1.6005971431732178,Mutated-Random
GATGGCGAGGAGATATT,1.6577208042144775,Mutated-Random
CAGAGTGAGGAGTAACT,1.6860911846160889,Mutated-Random
GGAGGCGAGGAGTTATT,1.685633897781372,Mutated-Random
AACGGGAGATCAACATT,1.5793721675872803,Mutated-Random
CGTAGCGGGGAGTTATT,1.4742021560668945,Mutated-Random
CAGAGCGAGGAGGTATT,1.7066469192504883,Mutated-Random
AAAATAGTGGAGATTTT,1.5491366386413574,Mutated-Random
ATAAGAGTGGAGATACT,1.573291540145874,Mutated-Random
CTGAGAGAGGAGTTTTT,1.92616605758667,Mutated-Random
TGAAGAGTGGGGATTTT,1.6782240867614746,Mutated-Random
CAGAGCGAGGGGATATT,1.5480899810791016,Mutated-Random
CAGAGCGAGGAGTTATT,1.5287485122680664,Mutated-Random
ATAAATGTGGAGATTTT,1.506695032119751,Mutated-Random
AAAAGGGTGGGGATAGT,1.4862759113311768,Mutated-Random
AATAGCGGGGGGGTATT,1.7020244598388672,Mutated-Random
AATAGCGTGGAGGTATT,1.526550054550171,Mutated-Random
CATAGCGAGGAGTTTCT,1.614490270614624,Mutated-Random
CAGGGTGAGGAGTTATT,1.4928574562072754,Mutated-Random
AATAGAGTGGAGGTACT,1.5952675342559814,Mutated-Random
ATAAGCGTGGAGATTTT,1.4947261810302734,Mutated-Random
CACAGTGAGGAGTTATT,1.590484857559204,Mutated-Random
CATAGCGGGGGGATATT,1.9327259063720703,Mutated-Random
CAGAGCGAGGAGATCTT,1.654723882675171,Mutated-Random
CGAGGAGTGGGGATTTT,1.4943130016326904,Mutated-Random
AAATGAGTGGAGATTTT,1.768789291381836,Mutated-Random
AGAAGAGGGGGGATTCT,1.9057838916778564,Mutated-Random
GGAGACGGGGAGTTATT,1.6416659355163574,Mutated-Random
AAAAGAGTGGGGATATT,1.5871636867523193,Mutated-Random
GTAAGCGGGGGGTTTCT,1.5194628238677979,Mutated-Random
ATAAGTGGGGAGATACT,1.7733144760131836,Mutated-Random
GAAAGAGTGGAGATATT,1.5691516399383545,Mutated-Random
AGAAGAGAGGGGATTCT,1.7799110412597656,Mutated-Random
CAATGCGGGGAGTTACT,1.7637996673583984,Mutated-Random
ACAGGAGGACGAATATC,1.6682801246643066,Mutated-Random
GAGAGAGTGGAGATTTT,1.559633731842041,Mutated-Random
CAGACCGAGGAGATATT,1.587461233139038,Mutated-Random
ATTAGCGGGGAGTTAAT,1.5912089347839355,STORM-Random
ATTAGCGGGGAGTTAAT,1.5912089347839355,STORM-Random
ACAAGACAACGCGCCAG,0.006267622113227844,Original-Bottom 10%
ATGCAACCGGAGCCGAT,0.3812442719936371,Original-Bottom 10%
CAAGTGATTAGCCCAGT,0.07303714752197266,Original-Bottom 10%
TAATGACAGCTCGGAGC,0.009688198566436768,Original-Bottom 10%
TAGACGAACCGACACCC,-0.012936413288116455,Original-Bottom 10%
ACAGGAGGGCGATAACT,1.553868055343628,Original-Bottom 10%
TACGGCGCGAATACGAT,0.32611849904060364,Original-Bottom 10%
CCGTAAGAAAAATACCT,0.5283000469207764,Original-Bottom 10%
GTCAGGCAGTTTGCGAA,0.01890714466571808,Original-Bottom 10%
AAGGCGGGAGAATACCT,1.359102725982666,Original-Bottom 10%
ATGCAAGCGGAGCCGAT,0.7510199546813965,Mutated-Bottom 10%
TAGACGAACAGACACCC,0.17057260870933533,Mutated-Bottom 10%
CAAGTGATTAGCCAAGT,0.2598150670528412,Mutated-Bottom 10%
AAGGCGGGAGACTACCT,1.1928129196166992,Mutated-Bottom 10%
CTAGTGATTAGCCCAGT,0.06795935332775116,Mutated-Bottom 10%
TACGGAGCGAATACGAT,0.9760858416557312,Mutated-Bottom 10%
CCGTAAGAAAAATAGCT,0.5595582127571106,Mutated-Bottom 10%
ATGCAACCGGAGCCGTT,0.4308362901210785,Mutated-Bottom 10%
ACTACGGAACCCGGACG,0.12601709365844727,Mutated-Bottom 10%
ATAGTTCGCGGGGAAAC,0.16344520449638367,Mutated-Bottom 10%
TAAGTAAGGCCGCCAAC,0.13451671600341797,Mutated-Bottom 10%
TACGGCGCGAATACCAT,0.42052197456359863,Mutated-Bottom 10%
CGCGAGACACCAATAAC,0.24657468497753143,Mutated-Bottom 10%
TAATGACAGCTCAGAGC,0.14804470539093018,Mutated-Bottom 10%
ATGCAACCGGAGCCGAC,0.29668182134628296,Mutated-Bottom 10%
ATGCAACCGGAGTCGAT,0.5424612760543823,Mutated-Bottom 10%
CCGTAAGAAAAATCCCT,0.24742501974105835,Mutated-Bottom 10%
AAAACGGTCGAAGACGT,0.1529683768749237,Mutated-Bottom 10%
CGGTGACGCCACGCTAA,0.1721777766942978,Mutated-Bottom 10%
AAAGGAGGGCGATAACT,1.638841152191162,Mutated-Bottom 10%
CCGTGAGAAAAATACCT,1.098210096359253,Mutated-Bottom 10%
TACGGCGCCAATACGAT,0.1995352953672409,Mutated-Bottom 10%
GTCAGGTAGTTTGCGAA,0.12398366630077362,Mutated-Bottom 10%
ATGCAACCGGAGCCGAT,0.3812442719936371,Mutated-Bottom 10%
TACGGCGCGAATAAGAT,0.452229380607605,Mutated-Bottom 10%
CGCGCGACACTAATAAC,0.1311304122209549,Mutated-Bottom 10%
GAGAGTACCGAGTATGA,0.07245178520679474,Mutated-Bottom 10%
TAAGTAAGACCGCCAAC,0.06627173721790314,Mutated-Bottom 10%
AAGGCGGGAGAATAGCT,1.464942455291748,Mutated-Bottom 10%
CAAGTGATTAGGCCAGT,0.21341057121753693,Mutated-Bottom 10%
CAGGTGATTAGCCCAGT,0.3455207943916321,Mutated-Bottom 10%
CCGTATGAAAAATACCT,0.19736257195472717,Mutated-Bottom 10%
GGGAGTACCGAGCATGA,0.2607240676879883,Mutated-Bottom 10%
CAAGTGATTAGCGCAGT,0.05965634435415268,Mutated-Bottom 10%
ATGCAACCGGAGCCGAG,0.23046745359897614,Mutated-Bottom 10%
CAAGTGATTAGCCCAAT,0.22526945173740387,Mutated-Bottom 10%
AAAACGGACGAAGACGG,0.10930202901363373,Mutated-Bottom 10%
TACGGCGGGAATACGAT,0.7658990025520325,Mutated-Bottom 10%
ATACAACCGGAGCCGAT,0.36579251289367676,Mutated-Bottom 10%
CGACGATGTGACACAAA,0.28599026799201965,Mutated-Bottom 10%
TAAGTAAGCCAGCCAAC,0.12801119685173035,Mutated-Bottom 10%
AAGTCGGGAGAATACCT,1.3410029411315918,Mutated-Bottom 10%
TTACACTGAGAACTCTA,0.32860904932022095,Mutated-Bottom 10%
GAGAGTACCGAGCATAA,0.08431579172611237,Mutated-Bottom 10%
AAGGCTGGAGAATACCT,1.2413580417633057,Mutated-Bottom 10%
TACGGCGCGAATGCGAT,0.09496860206127167,Mutated-Bottom 10%
CCGTAAGAAAAATACCT,0.5283000469207764,Mutated-Bottom 10%
ACAAGACAAAGCGCCAG,0.18796144425868988,Mutated-Bottom 10%
ATGCAACCGGAGCAGAT,0.6032736301422119,Mutated-Bottom 10%
TAATGACAGCACGGAGC,0.19633866846561432,Mutated-Bottom 10%
CCGTACGAAAAATACCT,0.2923527956008911,Mutated-Bottom 10%
ACAGGAGGACGATAACT,1.6620349884033203,Mutated-Bottom 10%
AAGGCGGGCGAATACCT,0.8744487166404724,Mutated-Bottom 10%
ACCAGCGAGCGGACCAA,0.15253479778766632,Mutated-Bottom 10%
TAATGAGAGCTCGGAGC,0.3970438838005066,Mutated-Bottom 10%
CAAGTGGTTAGCCCAGT,0.3341176509857178,Mutated-Bottom 10%
TGGATAAGCATCGACAA,0.17567682266235352,Mutated-Bottom 10%
AAGCCGGGAGAATACCT,1.2622344493865967,Mutated-Bottom 10%
ACAGGATGGCGATAACT,1.160794973373413,Mutated-Bottom 10%
AAGGCGGCAGAATACCT,0.7643966674804688,Mutated-Bottom 10%
AAGACGGGAGAATACCT,1.5321683883666992,Mutated-Bottom 10%
AAGGCGGAAGAATACCT,1.376939058303833,Mutated-Bottom 10%
CAGGCGGGAGAATACCT,1.23868727684021,Mutated-Bottom 10%
AGGGCGGGAGAATACCT,1.3420441150665283,Mutated-Bottom 10%
TAGACGAACCGACACTC,0.05888834595680237,Mutated-Bottom 10%
AAAACGGGCGAAGACGG,0.1575343906879425,Mutated-Bottom 10%
GAGGGTACCGAGCATGA,0.26764822006225586,Mutated-Bottom 10%
TAGACGGACCGACACCC,0.2661248445510864,Mutated-Bottom 10%
ATAACACCACTGGACTT,0.06747362017631531,Mutated-Bottom 10%
TAATGACAGCTCGAAGC,0.13422521948814392,Mutated-Bottom 10%
CCGTAAGAAGAATACCT,0.5505509376525879,Mutated-Bottom 10%
CAAGTGATTAGCCTAGT,0.36369991302490234,Mutated-Bottom 10%
ACAGGAGGGCCATAACT,1.7362728118896484,Mutated-Bottom 10%
AAAAAGGTCGAAGACGG,0.08670776337385178,Mutated-Bottom 10%
ACAAGACAACGCGCAAG,0.06240929663181305,Mutated-Bottom 10%
GTTAGGCAGTTTGCGAA,0.13604964315891266,Mutated-Bottom 10%
TGAGTAAGCCCGCCAAC,0.20137488842010498,Mutated-Bottom 10%
AAAAGGGTCGAAGACGG,0.3031907379627228,Mutated-Bottom 10%
ATTTGTGGAACGGGTCC,0.4705444872379303,Mutated-Bottom 10%
CAAGTGATTAGCCCATT,0.3717838525772095,Mutated-Bottom 10%
CAAGTGGAACACAGCTC,0.3431810140609741,Mutated-Bottom 10%
ACGTAAGAAAAATACCT,0.7393102049827576,Mutated-Bottom 10%
TGGCCATTGGAGGCGTA,0.6412596702575684,Mutated-Bottom 10%
AACGCGGGAGAATACCT,1.373483419418335,Mutated-Bottom 10%
CGGTAACGACACGCTAA,0.05736643075942993,Mutated-Bottom 10%
ACCAGCCAGCGGACCAT,0.06573489308357239,Mutated-Bottom 10%
GAATACGGAGCGGAGCA,0.46391284465789795,Mutated-Bottom 10%
GTCAGGGAGTTTGCGAA,0.772729218006134,Mutated-Bottom 10%
AAGGCGGGAGAATACCA,0.9349847435951233,Mutated-Bottom 10%
TGCGCGACACCAATAAC,0.06665464490652084,Mutated-Bottom 10%
AAGGCGGGAGAATACAT,1.518517255783081,Mutated-Bottom 10%
ACAGGAGGGCGATCACT,1.526714563369751,Mutated-Bottom 10%
ACCGGAACCAACCGAGC,0.10046276450157166,Mutated-Bottom 10%
TACGGCGCGATTACGAT,0.35608500242233276,Mutated-Bottom 10%
TAATGACAGCTCTGAGC,0.2760651111602783,Mutated-Bottom 10%
TGATCACCGCCAAAGCC,0.07639461755752563,Mutated-Bottom 10%
ACAGGAGGGCGATAACG,1.2332546710968018,Mutated-Bottom 10%
AAGGCGGGAGAAAACCT,1.4689245223999023,Mutated-Bottom 10%
ACAGGAGTGCGATAACT,1.113440990447998,Mutated-Bottom 10%
ATCAAAAACGCGTAGCC,0.07988948374986649,Mutated-Bottom 10%
TACGGCGCGAGTACGAT,0.2582777738571167,Mutated-Bottom 10%
CCAGCACAAAGGTGATG,0.09310785681009293,Mutated-Bottom 10%
AAAGCGGGAGAATACCT,1.4776420593261719,Mutated-Bottom 10%
GAAGTGATTAGCCCAGT,0.0724305734038353,Mutated-Bottom 10%
CGAGTGATTAGCCCAGT,0.1577364057302475,Mutated-Bottom 10%
TACGGCGCGGATACGAT,0.3901360332965851,Mutated-Bottom 10%
GAATACGCAGAGGAGCA,0.1285426765680313,Mutated-Bottom 10%
GTCAGGCAGTTAGCGAA,0.08924702554941177,Mutated-Bottom 10%
AAGCAACCGGAGCCGAT,0.3936176896095276,Mutated-Bottom 10%
GTGAGGCAGTTTGCGAA,0.42031359672546387,Mutated-Bottom 10%
CATAATGGCGTGGCACA,0.19443340599536896,Mutated-Bottom 10%
CCGTAAGAGAAATACCT,0.9507880806922913,Mutated-Bottom 10%
TAGGTAAGCCCGCCAAC,0.2809244394302368,Mutated-Bottom 10%
CAACAGGAACCGGCAGG,0.058496519923210144,Mutated-Bottom 10%
ACAGGACAACGCGCCAG,0.13638333976268768,Mutated-Bottom 10%
GGCCATGGATCAGCGAA,0.15316829085350037,Mutated-Bottom 10%
ACAGGAGGCCGATAACT,1.2348148822784424,Mutated-Bottom 10%
CAGTAAGAAAAATACCT,0.7209046483039856,Mutated-Bottom 10%
AGGCAACCGGAGCCGAT,0.49960029125213623,Mutated-Bottom 10%
ACAGGAGGGTGATAACT,1.7806940078735352,Mutated-Bottom 10%
TTGCAACCGGAGCCGAT,0.21045894920825958,Mutated-Bottom 10%
ACTAGGAAACCCGGACG,0.40732863545417786,Mutated-Bottom 10%
GAATACGCAGGGGAGCA,0.30416667461395264,Mutated-Bottom 10%
ACAGGAGGGCGACAACT,1.423548698425293,Mutated-Bottom 10%
ACCAGCCAGGGGACCAA,0.27961522340774536,Mutated-Bottom 10%
ACGGCGGGAGAATACCT,1.1059160232543945,Mutated-Bottom 10%
ACAGGAGGGCGATAAAT,1.4928152561187744,Mutated-Bottom 10%
CGCGCGACACCAATAAT,0.12066280841827393,Mutated-Bottom 10%
CACGGCGCGAATACGAT,0.24930238723754883,Mutated-Bottom 10%
AAGGCGGGGGAATACCT,1.380218505859375,Mutated-Bottom 10%
GAGAGTAGCGAGCATGA,0.16105642914772034,Mutated-Bottom 10%
CCAGCACAGAGGTGCTG,0.15913742780685425,Mutated-Bottom 10%
GAACTGGGCGCACTTAG,0.16585281491279602,Mutated-Bottom 10%
TAGACGAACCGACACAC,0.09319458156824112,Mutated-Bottom 10%
ATTTAGGAACATCCGGC,0.06049683690071106,Mutated-Bottom 10%
CCGTAATAAAAATACCT,0.3150390088558197,Mutated-Bottom 10%
GGTGCCACGCACACAAA,0.07737766951322556,Mutated-Bottom 10%
TGGCCATTGGCGGCGTT,0.24351158738136292,Mutated-Bottom 10%
CCGTAAGAAACATACCT,0.3112877607345581,Mutated-Bottom 10%
AAGGCGGGAGAGTACCT,1.3306615352630615,Mutated-Bottom 10%
TAGACGAACGGACACCC,0.229888454079628,Mutated-Bottom 10%
ACCGGAGGGCGATAACT,1.185837745666504,Mutated-Bottom 10%
TACGGCGCGTATACGAT,0.30134597420692444,Mutated-Bottom 10%
GTACTCGGAAAATCCCC,0.3343989849090576,Mutated-Bottom 10%
AAGCAGGCGGACGGCTA,0.12915630638599396,Mutated-Bottom 10%
CAACAATGGAGCCTCGC,0.8541280031204224,Mutated-Bottom 10%
TGGACGAACCGACACCC,0.2501920461654663,Mutated-Bottom 10%
TGGATTGACCGGACAAA,0.15324991941452026,Mutated-Bottom 10%
GTTAAATGAGCGGAGGG,0.12271369993686676,Mutated-Bottom 10%
TACGGCGCGAATACGAG,0.2169390469789505,Mutated-Bottom 10%
TACGGCGCGAATACTAT,0.3741337060928345,Mutated-Bottom 10%
CAATAGGACCCCGACGA,0.22652411460876465,Mutated-Bottom 10%
ATGCAACCGGAGGCGAT,0.6651660799980164,Mutated-Bottom 10%
AAGGCGTGAGAATACCT,1.129140853881836,Mutated-Bottom 10%
CCGTAAGAAAAATGCCT,0.4790457785129547,Mutated-Bottom 10%
GAGAGTACGGAGCATGA,0.5755069255828857,Mutated-Bottom 10%
AAATCACGAAGGGGCGA,0.327081561088562,Mutated-Bottom 10%
TAAGTAGGCCCGCCAAC,0.12459143996238708,Mutated-Bottom 10%
ATTGAGGCTCCGCAGAG,0.07878005504608154,Mutated-Bottom 10%
ATGGCGGGAGAATACCT,1.2551062107086182,Mutated-Bottom 10%
GTCAGGCAGTTTACGAA,0.20096328854560852,Mutated-Bottom 10%
ACAGGCGGGCGATAACT,0.8451305031776428,Mutated-Bottom 10%
TAGAGGAACCGACACCC,0.8294646143913269,Mutated-Bottom 10%
ATGCAATCGGAGCCGAT,0.6129862070083618,Mutated-Bottom 10%
TGACGCTGTGACACAAA,0.1089606061577797,Mutated-Bottom 10%
GCGTAAGAAAAATACCT,0.38853833079338074,Mutated-Bottom 10%
TGGCCATGGGCGGCGTA,0.20391012728214264,Mutated-Bottom 10%
TAGAGTACCGAGCATGA,0.059725552797317505,Mutated-Bottom 10%
CGAAGCTGTGACACAAA,0.06630589812994003,Mutated-Bottom 10%
ACAGGAGGGGGATAACT,1.818587303161621,Mutated-Bottom 10%
ATCACAAGGGTTGACGG,0.39054715633392334,Mutated-Bottom 10%
TACGACGCGAATACGAT,0.15838623046875,Mutated-Bottom 10%
TTACACTGTGAACTCAA,0.0778670608997345,Mutated-Bottom 10%
TACGGCGCGCATACGAT,0.1217639371752739,Mutated-Bottom 10%
AATGCGGGAGAATACCT,1.305224895477295,Mutated-Bottom 10%
CAAGTGATTAGCTCAGT,0.09801560640335083,Mutated-Bottom 10%
TAATGACAACTCGGAGC,0.10977916419506073,Mutated-Bottom 10%
GAATACGCGGCGGAGCA,0.1446203589439392,Mutated-Bottom 10%
AAGGCGGTAGAATACCT,1.0333150625228882,Mutated-Bottom 10%
CTGCAACCGGAGCCGAT,0.18830004334449768,Mutated-Bottom 10%
GAGAGTACCGAGGATGA,0.13549818098545074,Mutated-Bottom 10%
AAAACGGTCGGAGACGG,0.11018160730600357,Mutated-Bottom 10%
TGGACATTGGCGGCGTA,0.09243683516979218,Mutated-Bottom 10%
CCGTAAGAAAAATTCCT,0.39606642723083496,Mutated-Bottom 10%
CCGTAAGAAAACTACCT,0.3851099908351898,Mutated-Bottom 10%
GTTAGGTACTACATGGT,0.24974244832992554,Mutated-Bottom 10%
ACAAGAAAACGCGCCAG,0.07093925774097443,Mutated-Bottom 10%
CAAGTGATTAGCCCACT,0.20850199460983276,Mutated-Bottom 10%
AAGGCAGGAGAATACCT,1.4252638816833496,Mutated-Bottom 10%
CGACGCTGAGACACAAA,0.18255576491355896,Mutated-Bottom 10%
CCGGAAGAAAAATACCT,0.9868425130844116,Mutated-Bottom 10%
AGACCATATAGCTACCA,0.09938552230596542,Mutated-Bottom 10%
ACAGAAGGGCGATAACT,1.087923288345337,Mutated-Bottom 10%
TACGGCGCTAATACGAT,0.1577218621969223,Mutated-Bottom 10%
CCGTAAGAAAAATATCT,0.461188405752182,Mutated-Bottom 10%
TTCAACAGGACAAGCTC,0.07227058708667755,Mutated-Bottom 10%
CACCGCAACTAGATACG,0.09659473598003387,Mutated-Bottom 10%
ATGCAACCGGAGCCGAA,0.3288184404373169,Mutated-Bottom 10%
TCGATAAGGATCGACAA,0.22430063784122467,Mutated-Bottom 10%
AAGGCCGGAGAATACCT,0.9279674887657166,Mutated-Bottom 10%
TGCATGGACCGGACAAA,0.17827679216861725,Mutated-Bottom 10%
CAACAATCGAGGCTCGC,0.08707085996866226,Mutated-Bottom 10%
CGACGCTGGGACACAAA,0.26861855387687683,Mutated-Bottom 10%
GAGAGTACAGAGCATGA,0.10389494895935059,Mutated-Bottom 10%
ATAAGACCACTGGGCTT,0.21261291205883026,Mutated-Bottom 10%
GTCAGGAAGTTTGCGAA,0.36575111746788025,Mutated-Bottom 10%
ATAGTTCGCGAGGAAAC,0.07931806147098541,Mutated-Bottom 10%
GCAGGTCGCTCATCACT,0.07016980648040771,Mutated-Bottom 10%
CCAGCACGAAGGTGCTG,0.13701888918876648,Mutated-Bottom 10%
AAGGCGGGAGAATACCC,1.1186928749084473,Mutated-Bottom 10%
ATGTAACCGGAGCCGAT,0.5576375722885132,Mutated-Bottom 10%
TAATGACAGCTCGTAGC,0.13706038892269135,Mutated-Bottom 10%
TAATGACAGATCGGAGC,0.1392473727464676,Mutated-Bottom 10%
AAGGAGCCGGACGGCTA,0.14407330751419067,Mutated-Bottom 10%
TAATGACACCTCGGAGC,0.09862589836120605,Mutated-Bottom 10%
TAGAAGAACCGACACCC,0.14826899766921997,Mutated-Bottom 10%
GGAACACCAACTGACCA,0.10348276048898697,Mutated-Bottom 10%
GAGAGTAACGAGCATGA,0.07157182693481445,Mutated-Bottom 10%
TACGGCGCGAATACGCT,0.2074785828590393,Mutated-Bottom 10%
ACAGGAGGGCGTTAACT,1.3762500286102295,Mutated-Bottom 10%
ATAACACCAATGGGCTT,0.09518851339817047,Mutated-Bottom 10%
ACAGGAGGGCGATAAGT,1.462583065032959,Mutated-Bottom 10%
TAATGACAGTTCGGAGC,0.08974653482437134,Mutated-Bottom 10%
AAAACGGTAGAAGACGG,0.17137344181537628,Mutated-Bottom 10%
ATGCGACCGGAGCCGAT,0.27577507495880127,Mutated-Bottom 10%
CCGTAAGGAAAATACCT,1.1827762126922607,Mutated-Bottom 10%
ATGCAACGGGAGCCGAT,0.47022783756256104,Mutated-Bottom 10%
GTAAGGCAGTTTGCGAA,0.2545584738254547,Mutated-Bottom 10%
TTACACTGTGAACTCTT,0.19214826822280884,Mutated-Bottom 10%
ACAAGACAAGGCGCCAG,0.24448662996292114,Mutated-Bottom 10%
CAAGTGATTAGACCAGT,0.3172832131385803,Mutated-Bottom 10%
AAATCACGAATGGGCGA,0.05734177678823471,Mutated-Bottom 10%
ACAGGAGGGCGATGACT,1.5523436069488525,Mutated-Bottom 10%
ACTGGAGGGCGATAACT,1.434135913848877,Mutated-Bottom 10%
GTTATGGACTACATGGT,0.16735143959522247,Mutated-Bottom 10%
ACTACGAGACCCGGACG,0.0638163685798645,Mutated-Bottom 10%
AAGGCGGGACAATACCT,1.177032232284546,Mutated-Bottom 10%
TACGGCGCGAAAACGAT,0.29949483275413513,Mutated-Bottom 10%
CGATGCTGTGACACAAA,0.13591545820236206,Mutated-Bottom 10%
GGCTTAACGGAGTGGAA,0.4538092315196991,Mutated-Bottom 10%
TACGGCGCGAATACGAC,0.28810226917266846,Mutated-Bottom 10%
CCGTAAGAAAAATACCC,0.3858124613761902,Mutated-Bottom 10%
GTCCAGGATTCAAGGCA,0.061681680381298065,Mutated-Bottom 10%
AAGGCGGGAGAATAACT,1.544881820678711,Mutated-Bottom 10%
TAAGTAAGCCCACCAAC,0.0941077470779419,Mutated-Bottom 10%
ATAACACCACTAGGCTT,0.07932727038860321,Mutated-Bottom 10%
ATGCAGCCGGAGCCGAT,0.33135002851486206,Mutated-Bottom 10%
TACGGCACGAATACGAT,0.15083757042884827,Mutated-Bottom 10%
TTACACTGTGGACTCTA,0.24091333150863647,Mutated-Bottom 10%
AAGGCGGGATAATACCT,1.1038098335266113,Mutated-Bottom 10%
TAGACGAACCGATACCC,0.19720739126205444,Mutated-Bottom 10%
TACTGCGCGAATACGAT,0.16139641404151917,Mutated-Bottom 10%
ACAGGACGGCGATAACT,0.7660441994667053,Mutated-Bottom 10%
TGGCCATTGGCGGCGTG,0.10185164213180542,Mutated-Bottom 10%
CGACGCGGTGACACAAA,0.2718868851661682,Mutated-Bottom 10%
TACGGCGCGAATACGTT,0.26140719652175903,Mutated-Bottom 10%
TGCAAAAACGCGTAGCC,0.11038868129253387,Mutated-Bottom 10%
AAGGCGGGTGAATACCT,0.8591365814208984,Mutated-Bottom 10%
TAAGTAAGCCCGCCAAT,0.06838967651128769,Mutated-Bottom 10%
TTCAAAAACGAGTAGCC,0.06604775786399841,Mutated-Bottom 10%
TACGGCGCGACTACGAT,0.11133100092411041,Mutated-Bottom 10%
GAGAGTACCGAGCATGT,0.06975717097520828,Mutated-Bottom 10%
GTCAGGCGGTTTGCGAA,0.10606003552675247,Mutated-Bottom 10%
CGGGCGACACCAATAAC,0.2925626039505005,Mutated-Bottom 10%
AAGGTGGGAGAATACCT,1.5966556072235107,Mutated-Bottom 10%
ACAGGGGGGCGATAACT,1.527611494064331,Mutated-Bottom 10%
ACAGGAGGGCGAAAACT,1.6750938892364502,Mutated-Bottom 10%
CAAGTGATGAGCCCAGT,0.10270002484321594,Mutated-Bottom 10%
ACAGGAGGGCGCTAACT,1.2196762561798096,Mutated-Bottom 10%
CCGTAAGAAAAACACCT,0.28948065638542175,Mutated-Bottom 10%
TGGCCATAGGCGGCGTA,0.06401434540748596,Mutated-Bottom 10%
ACACGAGGGCGATAACT,1.1130516529083252,Mutated-Bottom 10%
ACAGGTGGGCGATAACT,1.107164978981018,Mutated-Bottom 10%
TATGGCGCGAATACGAT,0.6243783235549927,Mutated-Bottom 10%
TTCAAAAAAGCGTAGCC,0.06161421537399292,Mutated-Bottom 10%
AAGGCGGGAGAATACCT,1.359102725982666,Mutated-Bottom 10%
AAGGCGAGAGAATACCT,1.2967298030853271,Mutated-Bottom 10%
CAAGTGATTAGCCCAGT,0.07303714752197266,Mutated-Bottom 10%
CGCGCGATACCAATAAC,0.09051652997732162,Mutated-Bottom 10%
ACGGGAGGGCGATAACT,1.3654327392578125,Mutated-Bottom 10%
CATAATGCGGTGGCACA,0.557041347026825,Mutated-Bottom 10%
ACAAGAGAACGCGCCAG,0.19779890775680542,Mutated-Bottom 10%
GTCAGGCAGTTTGCGAT,0.13122278451919556,Mutated-Bottom 10%
AAAACGGTCGAAAACGG,0.08846039324998856,Mutated-Bottom 10%
ACAAGACAACGCGCCAT,0.25683242082595825,Mutated-Bottom 10%
AAAACGGTCGAAGACGC,0.07730202376842499,Mutated-Bottom 10%
GGCGCGACACCAATAAC,0.1428859531879425,Mutated-Bottom 10%
TAATGACAGCTCGGAAC,0.06424401700496674,Mutated-Bottom 10%
TGCGGCGCGAATACGAT,0.2513425350189209,Mutated-Bottom 10%
CCGTAAGTAAAATACCT,0.3702022433280945,Mutated-Bottom 10%
TAGGGCGCGAATACGAT,0.6526829600334167,Mutated-Bottom 10%
TAGTAAGCCGTTTGATG,0.11904887855052948,Mutated-Bottom 10%
ATCCAACCGGAGCCGAT,0.340981662273407,Mutated-Bottom 10%
ACAAGACTACGCGCCAG,0.14053037762641907,Mutated-Bottom 10%
AAGGCGGGAGTATACCT,1.2082502841949463,Mutated-Bottom 10%
TCAGGAGGGCGATAACT,1.3987398147583008,Mutated-Bottom 10%
TAGACGAAACGACACCC,0.13466131687164307,Mutated-Bottom 10%
CCAGGAGGGCGATAACT,1.393486738204956,Mutated-Bottom 10%
CCGTAAGCAAAATACCT,0.24858751893043518,Mutated-Bottom 10%
GAGAGTACCGAGCAAGA,0.12699878215789795,Mutated-Bottom 10%
ATGCAACCGGTGCCGAT,0.21348610520362854,Mutated-Bottom 10%
CCGTCAGAAAAATACCT,0.2022511512041092,Mutated-Bottom 10%
TACAGCGCGAATACGAT,0.06910916417837143,Mutated-Bottom 10%
TAATGACAGCTAGGAGC,0.30827221274375916,Mutated-Bottom 10%
TAGACGAGCCGACACCC,0.11292329430580139,Mutated-Bottom 10%
CCGTAAGAAAGATACCT,0.49397560954093933,Mutated-Bottom 10%
TAGACGAACCGAAACCC,0.2408876121044159,Mutated-Bottom 10%
CCAGGACAAAGGTGCTG,0.20290610194206238,Mutated-Bottom 10%
AAGGCGGGAGAATACTT,1.5279200077056885,Mutated-Bottom 10%
ATGCAACCGGAGCCGCT,0.26559382677078247,Mutated-Bottom 10%
GCGGCCACGCACACAAA,0.05938713252544403,Mutated-Bottom 10%
CCGTTAGAAAAATACCT,0.34362319111824036,Mutated-Bottom 10%
TGATGACCGCCAAAGCA,0.2503008246421814,Mutated-Bottom 10%
TGATCACCGCCAAAGAA,0.14456593990325928,Mutated-Bottom 10%
CAAGGCGAACACAGCTC,0.3269074559211731,Mutated-Bottom 10%
TAGGCGGGAGAATACCT,1.264477252960205,Mutated-Bottom 10%
AAATCACGAAAGGGCGA,0.09281452745199203,Mutated-Bottom 10%
ACAGTAGGGCGATAACT,0.9687598347663879,Mutated-Bottom 10%
TACGGCGCGAATACGAA,0.24568825960159302,Mutated-Bottom 10%
ATGCAACCGGAGCCAAT,0.5222934484481812,Mutated-Bottom 10%
ACTAGAACCAACCGAGC,0.08551953732967377,Mutated-Bottom 10%
TGGCCATTGGCGGCATA,0.12776154279708862,Mutated-Bottom 10%
GAGAGGACCGAGCATGA,0.46327295899391174,Mutated-Bottom 10%
CCGTAAGAAAATTACCT,0.49083805084228516,Mutated-Bottom 10%
ATGCCACCGGAGCCGAT,0.23882558941841125,Mutated-Bottom 10%
TCGTAAGAAAAATACCT,0.44284936785697937,Mutated-Bottom 10%
ACAGGAGGGCGATTACT,1.5832557678222656,Mutated-Bottom 10%
ACGAGAACCAACCGAGC,0.20553123950958252,Mutated-Bottom 10%
ACAGGAGGTCGATAACT,1.4098479747772217,Mutated-Bottom 10%
CAAGTGATTAGCCCTGT,0.14820683002471924,Mutated-Bottom 10%
CCCTAAGAAAAATACCT,0.4859258532524109,Mutated-Bottom 10%
CAAGTGATTAACCCAGT,0.060992032289505005,Mutated-Bottom 10%
TAATGACATCTCGGAGC,0.07211922109127045,Mutated-Bottom 10%
AGAAGACAACGCGCCAG,0.05934761464595795,Mutated-Bottom 10%
AGCGGATCCGCGAGAGA,0.09801872074604034,Mutated-Bottom 10%
GAGAGTACCGAGAATGA,0.1729181706905365,Mutated-Bottom 10%
ACAAGAGGGCGATAACT,1.346402883529663,Mutated-Bottom 10%
TTACAATGTGAACTCTA,0.06356031447649002,Mutated-Bottom 10%
ATCACAAGCGGTGACGG,0.22202301025390625,Mutated-Bottom 10%
TAAGTGATTAGCCCAGT,0.20696896314620972,Mutated-Bottom 10%
TGGCCATTGGCGGCGAA,0.16185298562049866,Mutated-Bottom 10%
ACAGGAGGGCGATATCT,1.5025675296783447,Mutated-Bottom 10%
CGGTAAGAAAAATACCT,0.814715564250946,Mutated-Bottom 10%
TGGCCATTGGTGGCGTA,0.45469731092453003,Mutated-Bottom 10%
GTGCAACCGGAGCCGAT,0.09883043169975281,Mutated-Bottom 10%
CATCCAGGTTTACGCAC,0.08482576161623001,Mutated-Bottom 10%
ACAGGAAGGCGATAACT,1.3064157962799072,Mutated-Bottom 10%
AAATCACGAACGTGCGA,0.06252497434616089,Mutated-Bottom 10%
CTGTAAGAAAAATACCT,0.5953987240791321,Mutated-Bottom 10%
TAAGGAAGCCCGCCAAC,0.5926082134246826,Mutated-Bottom 10%
CAAGTGATAAGCCCAGT,0.13899247348308563,Mutated-Bottom 10%
CCGTAAGAAAAATAACT,0.6723033785820007,Mutated-Bottom 10%
CCGTAAGAAAAATACAT,0.5706703066825867,Mutated-Bottom 10%
CACCGGAACTAGATGCG,0.3265083432197571,Mutated-Bottom 10%
CCGTAAGAAAAAAACCT,0.6253074407577515,Mutated-Bottom 10%
ATGCTACCGGAGCCGAT,0.3098345100879669,Mutated-Bottom 10%
GTCAGGCAGTTTGAGAA,0.16980454325675964,Mutated-Bottom 10%
TACGGCGCGAATTCGAT,0.14049027860164642,Mutated-Bottom 10%
ATTTGTGCAACGAGTCC,0.07083947956562042,Mutated-Bottom 10%
CGCGCGAGACCAATAAC,0.43619585037231445,Mutated-Bottom 10%
GTCAGGCAGTTTGTGAA,0.12786009907722473,Mutated-Bottom 10%
ATGCAAACGGAGCCGAT,0.6400343179702759,Mutated-Bottom 10%
TACGGCGAGAATACGAT,0.7692473530769348,Mutated-Bottom 10%
TAAGGCGCGAATACGAT,0.7508768439292908,Mutated-Bottom 10%
ACAGGAGGGCGGTAACT,1.395571231842041,Mutated-Bottom 10%
TAGACGAACCGACAACC,0.11597591638565063,Mutated-Bottom 10%
CCTGCGGAGCCGACCGC,0.40548819303512573,Mutated-Bottom 10%
AAGGCGGGAGAATTCCT,1.2448036670684814,Mutated-Bottom 10%
CCGTAAGAAAAATACTT,0.669698178768158,Mutated-Bottom 10%
CCATAAGAAAAATACCT,0.583239734172821,Mutated-Bottom 10%
AAGGCGGGAGAATGCCT,1.3337452411651611,Mutated-Bottom 10%
ACATGACAACGCGCCAG,0.20798620581626892,Mutated-Bottom 10%
ACCCGACACAAACGAAG,0.06872395426034927,Mutated-Bottom 10%
ATGCAACCGGAGCGGAT,0.4284760355949402,Mutated-Bottom 10%
AAAACGGTGGAAGACGG,0.6660995483398438,Mutated-Bottom 10%
GACGGCGCGAATACGAT,0.2526414096355438,Mutated-Bottom 10%
TACGGCGCGAACACGAT,0.20365726947784424,Mutated-Bottom 10%
ATCACAAGCGTGGACGG,0.0749281570315361,Mutated-Bottom 10%
ATTTGTGTAACGGGTCC,0.08043496310710907,Mutated-Bottom 10%
CAAGTGAGTAGCCCAGT,0.4845002293586731,Mutated-Bottom 10%
CCAGCACAAAGGTGCTT,0.12678155303001404,Mutated-Bottom 10%
CCGTAAGAAAAGTACCT,0.45814016461372375,Mutated-Bottom 10%
TGCATTGAGCGGACAAA,0.24862965941429138,Mutated-Bottom 10%
AAGGGGGGAGAATACCT,1.8869142532348633,Mutated-Bottom 10%
TTACACTGGGAACTCTA,0.4979029595851898,Mutated-Bottom 10%
TAATGACAGCTCGGAGT,0.1287894994020462,Mutated-Bottom 10%
TAGACGAACTGACACCC,0.21257679164409637,Mutated-Bottom 10%
GTCAGGCAGGTTGCGAA,0.12064972519874573,Mutated-Bottom 10%
ATGCAACAGGAGCCGAT,0.6377060413360596,Mutated-Bottom 10%
CCGTAAGAATAATACCT,0.29632920026779175,Mutated-Bottom 10%
TTACACGGTGAACTCTA,0.4404384195804596,Mutated-Bottom 10%
CGAGGCTGTGACACAAA,0.21522380411624908,Mutated-Bottom 10%
ACAGGAGGGAGATAACT,1.9904749393463135,Mutated-Bottom 10%
CAAGTGATTATCCCAGT,0.11219292879104614,Mutated-Bottom 10%
TACGGCGCAAATACGAT,0.2740539610385895,Mutated-Bottom 10%
GTCAGGCAGTTTTCGAA,0.10123442113399506,Mutated-Bottom 10%
ATGCAACCGGAGCCCAT,0.44634339213371277,Mutated-Bottom 10%
ATTCAACCGGAGCCGAT,0.4040565490722656,Mutated-Bottom 10%
TACGGGGCGAATACGAT,0.9012901782989502,Mutated-Bottom 10%
AAGGCGGGAGGATACCT,1.4628050327301025,Mutated-Bottom 10%
ATTTGGAAACATCCGGC,0.18530923128128052,Mutated-Bottom 10%
ATAACACCAGTGGGCTT,0.25624319911003113,Mutated-Bottom 10%
CAAGTCGGACACAGCTC,0.14649823307991028,Mutated-Bottom 10%
ATAGTTGGCGCGGAAAC,0.16219322383403778,Mutated-Bottom 10%
TTATGACAGCTCGGAGC,0.05992305278778076,Mutated-Bottom 10%
CCTTAAGAAAAATACCT,0.4114290177822113,Mutated-Bottom 10%
ACATGAGGGCGATAACT,1.489380121231079,Mutated-Bottom 10%
AAGGCGGGAGAATACCG,1.0213435888290405,Mutated-Bottom 10%
AAGCAGCCGGAGGGCTA,0.29841628670692444,Mutated-Bottom 10%
ATTTGAGCAACGGGTCC,0.07806634902954102,Mutated-Bottom 10%
AAGGCGGGAGAATACGT,1.3044898509979248,Mutated-Bottom 10%
ACAGGAGGGCGATAACT,1.553868055343628,Mutated-Bottom 10%
CCGTAAGAAAAATACCG,0.1822510063648224,Mutated-Bottom 10%
CCGTAAGATAAATACCT,0.31626981496810913,Mutated-Bottom 10%
ATGCATCCGGAGCCGAT,0.2621005177497864,Mutated-Bottom 10%
ATGAAACCGGAGCCGAT,0.5757678747177124,Mutated-Bottom 10%
CGACGGTGTGACACAAA,0.5016758441925049,Mutated-Bottom 10%
ACAGGAGAGCGATAACT,1.3774657249450684,Mutated-Bottom 10%
CAAGTGATTAGCACAGT,0.12106477469205856,Mutated-Bottom 10%
AAGGCGGGAGAATCCCT,0.9946562647819519,Mutated-Bottom 10%
ACAGGAGGGCGAGAACT,1.4990863800048828,Mutated-Bottom 10%
TACGGCGCGAATATGAT,0.5185596346855164,Mutated-Bottom 10%
CAAGTGATTAGCCGAGT,0.10870037972927094,Mutated-Bottom 10%
TGGCCATTGGGGGCGTA,0.5764579772949219,Mutated-Bottom 10%
GAGAGTACCTAGCATGA,0.08841337263584137,Mutated-Bottom 10%
ACTACGAAACCCGGACT,0.07740116119384766,Mutated-Bottom 10%
TAGACGAAGCGACACCC,0.07338661700487137,Mutated-Bottom 10%
AAATCAGGAACGGGCGA,0.22696439921855927,Mutated-Bottom 10%
TGACCATTGGCGGCGTA,0.11550953984260559,Mutated-Bottom 10%
GTTCGGAACCAACCCTA,0.05691009759902954,Mutated-Bottom 10%
AAAGTGATTAGCCCAGT,0.19583015143871307,Mutated-Bottom 10%
AGAGGAGGGCGATAACT,1.735314130783081,Mutated-Bottom 10%
ATGCAACTGGAGCCGAT,0.41587692499160767,Mutated-Bottom 10%
TACGGCGCGAATCCGAT,0.07476618885993958,Mutated-Bottom 10%
GAGGCGGGAGAATACCT,1.1810235977172852,Mutated-Bottom 10%
CCGTAAGACAAATACCT,0.35848113894462585,Mutated-Bottom 10%
AAGGCGGGAGAACACCT,1.1725637912750244,Mutated-Bottom 10%
GCAGGAGGGCGATAACT,1.4507689476013184,Mutated-Bottom 10%
ACAGGAGGGCAATAACT,1.7211861610412598,Mutated-Bottom 10%
CATGTGATTAGCCCAGT,0.08406399190425873,Mutated-Bottom 10%
ATTTGTGAAACGGGTCC,0.09398820996284485,Mutated-Bottom 10%
TACGGCGCGAATAGGAT,0.1746668815612793,Mutated-Bottom 10%
TAATGACAGGTCGGAGC,0.33007705211639404,Mutated-Bottom 10%
ACAGGAGGGCGATAACC,1.3937203884124756,Mutated-Bottom 10%
TGATCACCGCCAAAGCT,0.17661187052726746,Mutated-Bottom 10%
ATGCAACCGGAACCGAT,0.12444785237312317,Mutated-Bottom 10%
TAATGAAAGCTCGGAGC,0.24619606137275696,Mutated-Bottom 10%
ATTTGTGCAAGGGGTCC,0.10364679992198944,Mutated-Bottom 10%
CCGTAAGAAAAATACCA,0.11795881390571594,Mutated-Bottom 10%
TTACACTGTGAACTCTC,0.08334454894065857,Mutated-Bottom 10%
AAGGCGGGAGCATACCT,1.1544015407562256,Mutated-Bottom 10%
TACGGCGCGAAGACGAT,0.26626056432724,Mutated-Bottom 10%
TACGGCGCGAATACGAT,0.32611849904060364,Mutated-Bottom 10%
CCGTAAGAACAATACCT,0.2101769745349884,Mutated-Bottom 10%
ATGCAACCGGAGCTGAT,0.5648977160453796,Mutated-Bottom 10%
CCGTAAGAAATATACCT,0.399771511554718,Mutated-Bottom 10%
ACAGGAGGGCGATAATT,1.5912840366363525,Mutated-Bottom 10%
AAGGAGGGAGAATACCT,1.907672643661499,Mutated-Bottom 10%
AAGGCGGGAGAAGACCT,1.3089852333068848,Mutated-Bottom 10%
CAAGGGATTAGCCCAGT,0.5136051774024963,Mutated-Bottom 10%
CGCGCGACACCAATATC,0.0979071706533432,Mutated-Bottom 10%
CCGTAACAAAAATACCT,0.27798599004745483,Mutated-Bottom 10%
TACGGCGCGAATACAAT,0.40970751643180847,Mutated-Bottom 10%
ATGCAACCGGAGCCTAT,0.5616902709007263,Mutated-Bottom 10%
CAACCGGTGAACTCGCA,0.38834717869758606,Mutated-Bottom 10%
AAGGCGGGAAAATACCT,1.2970497608184814,Mutated-Bottom 10%
TTCAAAAAGGCGTAGCC,0.38759303092956543,Mutated-Bottom 10%
CAAGTGATTAGTCCAGT,0.20463088154792786,Mutated-Bottom 10%
TAATGATAGCTCGGAGC,0.10399608314037323,Mutated-Bottom 10%
AGACCATATAGATCCCA,0.18857988715171814,Mutated-Bottom 10%
ACAGGAGGGCTATAACT,1.8269848823547363,Mutated-Bottom 10%
ATGCACCCGGAGCCGAT,0.2479405701160431,Mutated-Bottom 10%
GAACTGCGGGCACTTAG,0.06426389515399933,Mutated-Bottom 10%
CCGCAAGAAAAATACCT,0.39519456028938293,Mutated-Bottom 10%
ATGGAACCGGAGCCGAT,0.7647892236709595,Mutated-Bottom 10%
CAAGTAATTAGCCCAGT,0.06365367770195007,Mutated-Bottom 10%
ACAAGACGACGCGCCAG,0.17830848693847656,Mutated-Bottom 10%
AAGGCGGGAGATTACCT,1.2546546459197998,Mutated-Bottom 10%
TGGCCATTGGCGGCGTC,0.07203182578086853,Mutated-Bottom 10%
AGACCATATAGCTCACA,0.13432976603507996,Mutated-Bottom 10%
TACGGCGTGAATACGAT,0.5352914333343506,Mutated-Bottom 10%
TGCATTGACGGGACAAA,0.1649763137102127,Mutated-Bottom 10%
CAACAATAGAGCCTCGC,0.07038217037916183,Mutated-Bottom 10%
ATCAGGCAGTTTGCGAA,0.18992169201374054,Mutated-Bottom 10%
ACAGGAGGGCGATACCT,1.5520339012145996,Mutated-Bottom 10%
TTACAGTGTGAACTCTA,0.1293940246105194,Mutated-Bottom 10%
AAATGACGAACGGGCGA,0.07887441664934158,Mutated-Bottom 10%
ACAAGACAATGCGCCAG,0.22830559313297272,Mutated-Bottom 10%
CCGTAAGAAAAATACGT,0.49869662523269653,Mutated-Bottom 10%
GGCCAGGTATCAGCGAA,0.08047773689031601,Mutated-Bottom 10%
ACGCAACCGGAGCCGAT,0.2649007737636566,Mutated-Bottom 10%
CACCGAAACTAGATGCG,0.08763150870800018,Mutated-Bottom 10%
TAATGACAGCTCGGACC,0.08573563396930695,Mutated-Bottom 10%
CAAGTGAATAGCCCAGT,0.14754143357276917,Mutated-Bottom 10%
CATCGAGATTTACGCAC,0.08100071549415588,Mutated-Bottom 10%
ATAGGAGGGCGATAACT,1.6144158840179443,Mutated-Bottom 10%
CAAGAGATTAGCCCAGT,0.2712721824645996,Mutated-Bottom 10%
CCGTAAGAAAAAGACCT,0.432404488325119,Mutated-Bottom 10%
ACAGGAGCGCGATAACT,0.894437849521637,Mutated-Bottom 10%
CAATCTTAATCACGCAA,0.061848483979701996,Mutated-Bottom 10%
GTCAGGCACTTTGCGAA,0.08210998773574829,Mutated-Bottom 10%
ACAGGAGGGCGATAACA,1.1020736694335938,Mutated-Bottom 10%
CGCGCGAAACCAATAAC,0.07066915184259415,Mutated-Bottom 10%
CGCGGGACACCAATAAC,0.3782653212547302,Mutated-Bottom 10%
ACAGGAGGGCGATAGCT,1.4699759483337402,Mutated-Bottom 10%
TAATGACAGCTCGGATC,0.1639063060283661,Mutated-Bottom 10%
CACCGCAACTAGAAGCG,0.11240320652723312,Mutated-Bottom 10%
GGCAGGCAGTTTGCGAA,0.06166798621416092,Mutated-Bottom 10%
TACGGTGCGAATACGAT,0.4764789342880249,Mutated-Bottom 10%
CCGTAAAAAAAATACCT,0.3042352795600891,Mutated-Bottom 10%
ACAGCAGGGCGATAACT,0.789784848690033,Mutated-Bottom 10%
TAGGCGAACCGACACCC,0.3524072766304016,Mutated-Bottom 10%
CCGTAGGAAAAATACCT,1.097971796989441,Mutated-Bottom 10%
CCGAAAGAAAAATACCT,0.5242592692375183,Mutated-Bottom 10%
AACGGCGCGAATACGAT,0.27293017506599426,Mutated-Bottom 10%
CCAGCAGAAAGGTGCTG,0.13909205794334412,Mutated-Bottom 10%
GTCAGGCAGTATGCGAA,0.0797693207859993,Mutated-Bottom 10%
AAGGCGCGAGAATACCT,0.8874511122703552,Mutated-Bottom 10%
AAGGCGGGAGAATATCT,1.427264928817749,Mutated-Bottom 10%
ATGCAACCGGAGACGAT,0.7615026831626892,Mutated-Bottom 10%
TTCAAGAACGCGTAGAC,-0.12847495079040527,STORM-Bottom 10%
TTCAAGAACGCGTAGAC,-0.12847495079040527,STORM-Bottom 10%
CGTAGAGAGGAGATATT,2.068500280380249,Original-Top 10%
GTAAGAGAGGAGATACT,1.9816575050354004,Original-Top 10%
CAGAGAGAGGAGATACT,2.020590305328369,Original-Top 10%
ATGAGAGAGGAGATACT,2.11244797706604,Original-Top 10%
ATAAGAGAGGAGATATT,2.1689465045928955,Original-Top 10%
CTAAGAGAGGAGTTTTT,1.9869182109832764,Original-Top 10%
AGAAGAGAGGAGATATT,2.1926426887512207,Original-Top 10%
AATAGAGAGGAGGTACT,2.013253927230835,Original-Top 10%
CAAAGAGAGGAGATATT,2.0748379230499268,Original-Top 10%
CTAAGAGAGGGGATATT,2.0072240829467773,Original-Top 10%
TTAAGAGAGGAGATACT,1.9931719303131104,Mutated-Top 10%
CAAATAGAGGAGATATT,1.9760982990264893,Mutated-Top 10%
CGTTGAGAGGAGATATT,1.9635651111602783,Mutated-Top 10%
TTAAGAGAGGGGATATT,1.9418928623199463,Mutated-Top 10%
GTAAGGGAGGAGATACT,1.9353621006011963,Mutated-Top 10%
ATTAGTGAGGAGATATT,1.9926276206970215,Mutated-Top 10%
GTAAGAGGGGAGATACT,1.9833064079284668,Mutated-Top 10%
CAAAGGGAGGAGATACT,2.0383691787719727,Mutated-Top 10%
AAAAGAGAGGAGATATT,2.1333765983581543,Mutated-Top 10%
CTAAGAGAGGGGAAATT,2.1458189487457275,Mutated-Top 10%
CGAAGAGGGGAGATAAT,2.0274109840393066,Mutated-Top 10%
CTAAGAGAGGAGATACT,2.0909016132354736,Mutated-Top 10%
CGTAGAGAGGAGAAATT,2.1022355556488037,Mutated-Top 10%
ATAAGAGAGGAGACATT,2.21059513092041,Mutated-Top 10%
AATAGAGAGGAGGTATT,2.0621137619018555,Mutated-Top 10%
GAAGGAGAGGAGATTTT,2.070870876312256,Mutated-Top 10%
AATAGAGGGGAGATTCT,1.9497573375701904,Mutated-Top 10%
TGAAGTGAGGAGATATT,2.109614610671997,Mutated-Top 10%
GTAGGAGAGGAGTTACT,2.028165340423584,Mutated-Top 10%
AGAAGGGAGGAGGTACT,2.0253429412841797,Mutated-Top 10%
CGAAGAGAGGAGTTTTT,1.934971809387207,Mutated-Top 10%
AGAAGAGAGGAGATTTT,2.12475848197937,Mutated-Top 10%
CAAAGAGGAGAGTTATT,1.9294242858886719,Mutated-Top 10%
CTAAGAGAGGAGTCTTT,2.017824411392212,Mutated-Top 10%
CTAAGAGAGGAGGTTCT,1.9375331401824951,Mutated-Top 10%
CGAAGAGGGGAGATAGT,2.1170475482940674,Mutated-Top 10%
GTAGGAGAGGAGATTCT,1.9748444557189941,Mutated-Top 10%
TGAAGAGGGGAGATACT,2.1372523307800293,Mutated-Top 10%
ATGAGAGAGGAGATAAT,2.1879050731658936,Mutated-Top 10%
AAAAGAGAGGAGGTACT,2.011213541030884,Mutated-Top 10%
AGAAGAGAGGAGATATC,2.082496404647827,Mutated-Top 10%
AATAGAGGGGAGTAATT,1.9760360717773438,Mutated-Top 10%
TGTAGAGAGGAGATATT,2.160318374633789,Mutated-Top 10%
CAAGGAGGGGGGATATT,1.9445781707763672,Mutated-Top 10%
AGGAGAGAGGAGATACT,2.1403539180755615,Mutated-Top 10%
AAAAGAGGGGGGATACT,2.0289902687072754,Mutated-Top 10%
AGGAGTGAGGAGATACT,1.9582765102386475,Mutated-Top 10%
AGAAGAGAGGGGATATT,2.0125534534454346,Mutated-Top 10%
AAGAGAGAGGAGGTACT,2.0453367233276367,Mutated-Top 10%
CGAAGAGGAGAGATACT,2.059396505355835,Mutated-Top 10%
AAAAGGGAGGAGGTAAT,2.0224123001098633,Mutated-Top 10%
GATAGAGAGGAGAAACT,1.9828484058380127,Mutated-Top 10%
GGAAGAGGGGAGATACT,1.950298547744751,Mutated-Top 10%
CGTAGAGAGGAGATAGT,1.988203525543213,Mutated-Top 10%
TGAAGAGAGGAGATATT,2.3339314460754395,Mutated-Top 10%
CTAAGAGAGGAGATTAT,2.067469358444214,Mutated-Top 10%
AATAGAGGGGGGTTATT,1.9765307903289795,Mutated-Top 10%
ACGAGAGAGGAGATACT,2.005547523498535,Mutated-Top 10%
GATAGAGAGGAGATATT,2.0095877647399902,Mutated-Top 10%
GTTAGAGAGGAGATACT,1.9769277572631836,Mutated-Top 10%
GTAAGAGAGGAGATACT,1.9816575050354004,Mutated-Top 10%
ATGAGAGAGGAGTTACT,1.966822624206543,Mutated-Top 10%
CGATGAGAGGGGATACT,1.9866306781768799,Mutated-Top 10%
AGGAGAGAGGAGATATT,2.2356832027435303,Mutated-Top 10%
ATTAGCGGGGGGATTTT,1.93861985206604,Mutated-Top 10%
AAAGGTGAGGAGATATT,1.964700698852539,Mutated-Top 10%
CTGAGAGAGGAGATTAT,1.9759268760681152,Mutated-Top 10%
GATAGAGAGGAGACACT,1.9680430889129639,Mutated-Top 10%
CTAAGCGGGGGGATAGT,1.9382991790771484,Mutated-Top 10%
AATAGGGAGGAGTTATT,1.9371371269226074,Mutated-Top 10%
TAAAGAGAGGAGATATT,2.2278318405151367,Mutated-Top 10%
ATGAGAGGGGAGATACT,2.054295301437378,Mutated-Top 10%
ATGAGAGAGGGGATACT,1.9583168029785156,Mutated-Top 10%
ATAAGAGGGGAGATATT,2.113239049911499,Mutated-Top 10%
GAGAGAGAGGAGTGACT,1.9639878273010254,Mutated-Top 10%
CAAAGAGAGGAGAAATT,2.1255762577056885,Mutated-Top 10%
AATAGAGAGGAGGTACT,2.013253927230835,Mutated-Top 10%
CTAGGAGAGGAGTTTCT,1.9489116668701172,Mutated-Top 10%
CAAGGAGAGGAGTTACT,2.0288052558898926,Mutated-Top 10%
GGAAGAGAGGAGATACT,1.9558379650115967,Mutated-Top 10%
CTATGCGGGGAGGTACT,1.922910213470459,Mutated-Top 10%
CGTATAGAGGAGATATT,1.942439079284668,Mutated-Top 10%
AGTAGAGAGGAGATATT,2.100526809692383,Mutated-Top 10%
CGAAGAGGGGAGATACT,1.967360496520996,Mutated-Top 10%
CTAAGAGAGGAGACTCT,1.997478723526001,Mutated-Top 10%
CAAGGAGAGGAGATATT,2.1651670932769775,Mutated-Top 10%
CTAAGGGAGGAGATTCT,1.960954189300537,Mutated-Top 10%
CAAGGAGAGGAGATTCT,2.0140042304992676,Mutated-Top 10%
CAATGCGAGGGGATACT,1.9259376525878906,Mutated-Top 10%
CAAAGAGGGGAGATACT,2.054438829421997,Mutated-Top 10%
AAAGGAGAGGAGGTTCT,1.9209749698638916,Mutated-Top 10%
CTAAGAGAGGAGTTTTT,1.9869182109832764,Mutated-Top 10%
AAAGGAGAGGAGTATCT,1.9840037822723389,Mutated-Top 10%
ATCAGAGAGGAGATACT,1.9748098850250244,Mutated-Top 10%
CTAAGAGGGGAGTTTTT,1.9736909866333008,Mutated-Top 10%
GAGAGAGAGGAGTAACT,1.946324110031128,Mutated-Top 10%
ATAAGAGAGGAGATATT,2.1689465045928955,Mutated-Top 10%
CAAGGAGAGGGGATACT,1.9445536136627197,Mutated-Top 10%
CTGAGAGAGGAGACTCT,1.989516019821167,Mutated-Top 10%
AAAAGTGAGGAGAATTT,1.9736218452453613,Mutated-Top 10%
ATAGGAGAGGAGATATT,2.3242971897125244,Mutated-Top 10%
ATAAGAGAGGAGATAGT,2.098083972930908,Mutated-Top 10%
ATCAGAGAGGAGATATT,2.0563271045684814,Mutated-Top 10%
AGAGGAGAGGAGATACT,2.2437655925750732,Mutated-Top 10%
GTATGAGAGGAGTTACT,1.9501674175262451,Mutated-Top 10%
AGAAGAGAGGAGCTATT,1.9184825420379639,Mutated-Top 10%
AGAAGAGGGGAGATATT,2.1252615451812744,Mutated-Top 10%
AATTGAGGGGAGTTATT,1.9616954326629639,Mutated-Top 10%
CTAAGGGAGGAGGTACT,2.0005767345428467,Mutated-Top 10%
CTAGGAGAGGAGGTTCT,1.9438855648040771,Mutated-Top 10%
ATAAGAGAGGGGATAGT,2.0011465549468994,Mutated-Top 10%
CAGAGAGAGGATATACT,1.941502332687378,Mutated-Top 10%
CGTGGAGAGGAGATACT,2.0062990188598633,Mutated-Top 10%
CGAAGAGGGGAGAAACT,2.0158650875091553,Mutated-Top 10%
TAAGGAGAGGAGTTTCT,1.9614744186401367,Mutated-Top 10%
ATAAGAGAGGGGATAAT,1.9520699977874756,Mutated-Top 10%
CGAAGAGGGGAGAGACT,2.031013011932373,Mutated-Top 10%
GGAAGAGAGGAGATATT,1.9228472709655762,Mutated-Top 10%
CCTAGAGAGGAGATATT,2.043713331222534,Mutated-Top 10%
GTAAGAGAGGAGTTAAT,1.9775991439819336,Mutated-Top 10%
CAGAGAGAGGAGACACT,2.083214044570923,Mutated-Top 10%
ATAAGAGAGGAGATATC,2.0389652252197266,Mutated-Top 10%
ATAAGAGAGGAAATATT,2.0447914600372314,Mutated-Top 10%
AAAAGAGAGGGGATACT,1.9435174465179443,Mutated-Top 10%
ATAAGAGAGGAGATAAT,2.12371826171875,Mutated-Top 10%
GTAGGAGAGGAGATACT,2.1638901233673096,Mutated-Top 10%
CGTAGAGAGGAGATAAT,2.023031234741211,Mutated-Top 10%
GTAAGAGAGGAGATTTT,1.958101511001587,Mutated-Top 10%
ATAGGAGAGGGGATACT,2.00597882270813,Mutated-Top 10%
CAAAGAGAGGAGAGATT,1.9351880550384521,Mutated-Top 10%
AAATGGGAGGAGGTACT,1.9587953090667725,Mutated-Top 10%
GATGGAGAGGAGATACT,1.9821324348449707,Mutated-Top 10%
AATAGAGGAGAGTTATT,1.992502212524414,Mutated-Top 10%
AAAAGGGAGGAGATTTT,2.0613608360290527,Mutated-Top 10%
ATAATAGAGGAGATATT,2.0425972938537598,Mutated-Top 10%
ATAAGCGGGGGGATATT,1.924597978591919,Mutated-Top 10%
GATAGAGAGGAGATAAT,1.9673337936401367,Mutated-Top 10%
AAAAAGGAGGAGGTACT,2.180727481842041,Mutated-Top 10%
CTAAGGGAGGAGTTTTT,2.012293815612793,Mutated-Top 10%
CTTAGAGAGGAGGTTCT,1.9417979717254639,Mutated-Top 10%
CTATGCGAGGAGGTACT,2.0366342067718506,Mutated-Top 10%
CAATGAGAGGAGTTTCT,1.9688448905944824,Mutated-Top 10%
GAAAGAGAGGAGGTACT,2.0073082447052,Mutated-Top 10%
ATAACAGAGGAGATATT,1.9989476203918457,Mutated-Top 10%
CGAGGAGGGGAGATACT,1.938974142074585,Mutated-Top 10%
CACAGAGAGGAGATACT,1.9328229427337646,Mutated-Top 10%
ACTAGAGAGGAGGTACT,2.0898277759552,Mutated-Top 10%
ATATGAGAGGGGATACT,2.14760160446167,Mutated-Top 10%
CTAAGAGAGGGGATTTT,1.9618680477142334,Mutated-Top 10%
CTAAGGGAGGGGATATT,1.9499027729034424,Mutated-Top 10%
CAAAGAGGGGGGATACT,2.042318105697632,Mutated-Top 10%
CTTAGAGGGGAGATACT,2.132686138153076,Mutated-Top 10%
CGAGGAGAGGAGGTACT,2.090630054473877,Mutated-Top 10%
AAAGGTGAGGAGAATTT,1.9671204090118408,Mutated-Top 10%
CAAGGAGAGGAGTTATT,2.007150888442993,Mutated-Top 10%
AGAGGTGAGGAAATACT,1.970005750656128,Mutated-Top 10%
CGAAGAGAGGGGAGACT,1.9292383193969727,Mutated-Top 10%
ATAAAAGAGGAGATATT,2.0324294567108154,Mutated-Top 10%
CTAAGAGAGGAGTATTT,1.9775781631469727,Mutated-Top 10%
CTTAGGGAGGAGATTCT,1.9669172763824463,Mutated-Top 10%
ACAAGAGAGGAGATATT,2.127457618713379,Mutated-Top 10%
GTAAGAGAGGAGATAAT,2.066473960876465,Mutated-Top 10%
CAAAGAGAGGAGATAGT,2.035015106201172,Mutated-Top 10%
CTTAGAGAGGGGATATT,1.9793438911437988,Mutated-Top 10%
CTAAGAGAGGAGATTTT,2.0699682235717773,Mutated-Top 10%
CGTAGAGAGGAGACATT,2.1127374172210693,Mutated-Top 10%
CATAGCGGGGAGATAGT,1.9585671424865723,Mutated-Top 10%
CAATGAGGGGAGTTATT,2.145826578140259,Mutated-Top 10%
CGGAGAGAGGAGATATT,2.018263101577759,Mutated-Top 10%
TAAAGAGGGGAGTTATT,2.0313079357147217,Mutated-Top 10%
CTAAGAGAGGAGGTTTT,2.010205030441284,Mutated-Top 10%
GAGAGAGAGGAGTTAAT,2.0713794231414795,Mutated-Top 10%
AGAAAAGAGGAGATATT,2.035019636154175,Mutated-Top 10%
AAAAGTGAGGAGATATT,2.0047903060913086,Mutated-Top 10%
GTAAGAGAGGAGATTAT,1.9842019081115723,Mutated-Top 10%
AGAGGAGAGGAGATATT,2.3175418376922607,Mutated-Top 10%
ATGAGAGAGGATATACT,2.02770733833313,Mutated-Top 10%
CGTGGAGAGGAGATATT,2.043882369995117,Mutated-Top 10%
GATAGAGGGGAGATACT,1.9545743465423584,Mutated-Top 10%
ATGAGAGAGGAAATACT,2.1239113807678223,Mutated-Top 10%
ACAAGAGAGGGGATACT,1.9912841320037842,Mutated-Top 10%
CGTAGAGAGGAGATATT,2.068500280380249,Mutated-Top 10%
AATAGAGGGGAGTTTTT,1.9343640804290771,Mutated-Top 10%
GAAAGAGAGGAGTTAAT,1.9943029880523682,Mutated-Top 10%
AGAAGTGAGGAGATATT,2.0153822898864746,Mutated-Top 10%
ATAAGAGGGGGGATACT,2.040451765060425,Mutated-Top 10%
GTAAGAGAGGAGGTACT,1.9934437274932861,Mutated-Top 10%
CGAAGAGAGGAGATATT,2.0712523460388184,Mutated-Top 10%
CGAAGAGGGGAGATATT,2.0061357021331787,Mutated-Top 10%
CTAGGAGAGGGGATATT,2.0089869499206543,Mutated-Top 10%
ATGTGAGAGGAGATACT,2.056948661804199,Mutated-Top 10%
CGTAGAGAGGAGGTATT,2.066643238067627,Mutated-Top 10%
CTAAGAGAGGAGTTACT,1.9556565284729004,Mutated-Top 10%
CAAAGAGAGGAGTTTTT,1.9284932613372803,Mutated-Top 10%
CGTAGAGAGGAGATCTT,1.949662446975708,Mutated-Top 10%
ATGGGGGAGGAGATTTT,2.0200493335723877,Mutated-Top 10%
CAAAGAGAGGAGATAAT,2.1091620922088623,Mutated-Top 10%
CTAAGAGGGGAGATACT,2.08992862701416,Mutated-Top 10%
CTAAGAGAGGAGAATCT,2.0633068084716797,Mutated-Top 10%
GAAAGGGAGGAGGTACT,1.9281630516052246,Mutated-Top 10%
ATAGGAGAGGAGTTTCT,1.957554578781128,Mutated-Top 10%
ATGAAAGAGGAGATACT,1.9416611194610596,Mutated-Top 10%
AATTGAGAGGAGGTACT,2.00924015045166,Mutated-Top 10%
CGAAGGGGGGAGATACT,1.953852653503418,Mutated-Top 10%
CTTAGAGAGGAGATTCT,1.954815149307251,Mutated-Top 10%
CGAAGAGGGGAAATACT,1.9309666156768799,Mutated-Top 10%
CAAAGAGAGGAGATTTT,2.0078582763671875,Mutated-Top 10%
CAAAGAGAGGAGATCTT,1.972691535949707,Mutated-Top 10%
CAAGGAGAGGAGTTTAT,2.0325987339019775,Mutated-Top 10%
CAAAGAGAGGAGATATT,2.0748379230499268,Mutated-Top 10%
AGATGAGAGGAGATATT,2.2912094593048096,Mutated-Top 10%
AAGAGAGAGGAGATACT,2.0937752723693848,Mutated-Top 10%
CAAAGAGAGGGGATATT,1.9425458908081055,Mutated-Top 10%
AATAGAGGGGAGTTAGT,2.0455713272094727,Mutated-Top 10%
ATAAGTGAGGAGATATT,1.9428329467773438,Mutated-Top 10%
AATAGAGAGGAGGGACT,2.081923723220825,Mutated-Top 10%
CTAAGAGAGGAGATTGT,1.9468543529510498,Mutated-Top 10%
CGTAAAGAGGAGATATT,1.939192771911621,Mutated-Top 10%
AAAAGGGAGGAGGTACT,1.963547945022583,Mutated-Top 10%
CTGAGAGAGGAGATTTT,2.015532970428467,Mutated-Top 10%
CTAAGGGAGGAGATACT,2.075971841812134,Mutated-Top 10%
GTAAGAGAGGAGTTATT,1.9218130111694336,Mutated-Top 10%
AATAGAGGGGAGGTATT,2.022223711013794,Mutated-Top 10%
ATGAGAGAGGACATACT,2.0170915126800537,Mutated-Top 10%
AAAAGGGAGGAGATACT,2.0684328079223633,Mutated-Top 10%
ATAAGAGAGGAGTTACT,1.9228181838989258,Mutated-Top 10%
ATTAGAGAGGAGGTACT,2.1042280197143555,Mutated-Top 10%
CAAAGAGAGGAGACATT,2.1693356037139893,Mutated-Top 10%
AAAGGTGAGGAGACTTT,1.9910898208618164,Mutated-Top 10%
ATTAGTGAGGAGAAACT,1.9821014404296875,Mutated-Top 10%
AAGAGTGAGGAGATATT,1.9957995414733887,Mutated-Top 10%
AGAGGTGAGGAGAAACT,2.0058181285858154,Mutated-Top 10%
ATATGCGAGGAGATACT,1.9925651550292969,Mutated-Top 10%
AGAAGTGAGGAGATTTT,1.9226555824279785,Mutated-Top 10%
AGAAGAGAGGAGATACT,2.087779998779297,Mutated-Top 10%
AATAGAGAGGGGATATT,1.9476792812347412,Mutated-Top 10%
AGAAGAGAGGAGATATT,2.1926426887512207,Mutated-Top 10%
AAAGGAGAGGAGTTTTT,2.069816827774048,Mutated-Top 10%
CTAAGAGAGGAGATTCT,1.9451494216918945,Mutated-Top 10%
AGAGGAGAGGAGTTTCT,1.9284932613372803,Mutated-Top 10%
AATGGAGAGGAGTTACT,1.9289624691009521,Mutated-Top 10%
CATAGGGAGGAGGTTCT,1.9380254745483398,Mutated-Top 10%
CGAAGAGAGGAGATACT,2.0045878887176514,Mutated-Top 10%
GTAAGAGAGGAAATACT,1.9201569557189941,Mutated-Top 10%
ATGAGGGAGGAGATACT,2.1461896896362305,Mutated-Top 10%
ATGAGAGAGGAGGTACT,2.080282688140869,Mutated-Top 10%
GAAAGAGAGGAGATACT,1.9883644580841064,Mutated-Top 10%
CTAAGAGAGGAGGTACT,2.0897111892700195,Mutated-Top 10%
CTTAGAGAGGAGTTTTT,1.941845417022705,Mutated-Top 10%
AATGGAGAGGAGATTCT,1.960676908493042,Mutated-Top 10%
CAATGAGAGGAGATATT,2.296980857849121,Mutated-Top 10%
CTAAGGGAGGAGTTACT,1.9822280406951904,Mutated-Top 10%
CAAAGAGAGGGGATACT,1.945558786392212,Mutated-Top 10%
ATAAGGGAGGAGATATT,2.1420938968658447,Mutated-Top 10%
CAGAGAGAGGAGATACT,2.020590305328369,Mutated-Top 10%
ATAAGAGAGGAGAAATT,2.2916476726531982,Mutated-Top 10%
ATGAGAGAGGAGAGACT,2.0237464904785156,Mutated-Top 10%
GTAAGAGAGGAGAGACT,1.9259121417999268,Mutated-Top 10%
CATAGAGGGGAGTTATT,1.9675898551940918,Mutated-Top 10%
ACAAGGGAGGAGGTACT,1.9621846675872803,Mutated-Top 10%
CGAGGAGAGGGGATACT,1.9381344318389893,Mutated-Top 10%
CGGAGAGAGGAGATACT,1.9611318111419678,Mutated-Top 10%
GATAGAGAGGAGGTACT,1.9472672939300537,Mutated-Top 10%
TAAAGAGAGGAGTTACT,1.9545180797576904,Mutated-Top 10%
ATAAGAGAGGAGTTATT,2.042144536972046,Mutated-Top 10%
ATTAGAGAGGGGATACT,1.9816691875457764,Mutated-Top 10%
CTATGAGAGGAGTTTTT,2.150001049041748,Mutated-Top 10%
ATAAGAGAGGAGATACT,2.0614192485809326,Mutated-Top 10%
CTAAGAGAGGGGATACT,2.0060994625091553,Mutated-Top 10%
AAAAGAGGGGGGTTATT,1.9756972789764404,Mutated-Top 10%
AAAACGGAGGAGGTACT,1.953331708908081,Mutated-Top 10%
CAATGCGAGGAGATACT,1.9695417881011963,Mutated-Top 10%
CTAAGAGAGGAGTTATT,1.978952407836914,Mutated-Top 10%
AATAGAGAGGAGGTAAT,2.0129120349884033,Mutated-Top 10%
CTTAGGGGGGAGATACT,2.0362753868103027,Mutated-Top 10%
CGAAGAGGGGAGGTACT,1.957409381866455,Mutated-Top 10%
AATAGAGGGGAGATATT,2.094284772872925,Mutated-Top 10%
GTATGAGAGGAGATTCT,1.9330041408538818,Mutated-Top 10%
AGAGGTGAGGAGACACT,1.9356982707977295,Mutated-Top 10%
CAGGGAGAGGAGATACT,1.9950740337371826,Mutated-Top 10%
CAAAGGGAGGAGATTCT,1.9210243225097656,Mutated-Top 10%
GTGAGAGAGGAGATACT,2.0083718299865723,Mutated-Top 10%
AGAAGAGAGGAGAGATT,2.0721945762634277,Mutated-Top 10%
AATAGCGAGGAGATATT,1.9343245029449463,Mutated-Top 10%
GTAAGAGAGGAGATAGT,2.0162007808685303,Mutated-Top 10%
CGAAGAGAGGGGAAACT,1.960282564163208,Mutated-Top 10%
CAGAGAGAGGAAATACT,2.0629239082336426,Mutated-Top 10%
CAAAGAGAGGAGATACT,2.0333101749420166,Mutated-Top 10%
GTAAGAGAGGAGAATCT,1.9392151832580566,Mutated-Top 10%
ATAAGAGAGGGGATATT,2.040682315826416,Mutated-Top 10%
AGAAGAGAGGAGTTATT,2.0175647735595703,Mutated-Top 10%
CAAAAAGAGGAGATATT,2.0006330013275146,Mutated-Top 10%
AAAAGAGAGGAGATTTT,2.051283597946167,Mutated-Top 10%
ATAAGCGAGGAGATATT,1.978241205215454,Mutated-Top 10%
CGAAGGGAGGAGATATT,1.9916908740997314,Mutated-Top 10%
ATAAGAGAGGTGATATT,1.962538719177246,Mutated-Top 10%
AATAGAGGGGGGATACT,1.9848096370697021,Mutated-Top 10%
AAAAGAGAGGAGTTTTT,1.9301836490631104,Mutated-Top 10%
TATAGAGAGGGGATACT,1.9431049823760986,Mutated-Top 10%
CATAGAGAGGAGATATT,2.2336814403533936,Mutated-Top 10%
CAAAGAGGGGAGTTAGT,2.024721145629883,Mutated-Top 10%
CAAAGGGAGGAGGTACT,1.981698751449585,Mutated-Top 10%
ATAAGAGAGGAGAGATT,2.025679111480713,Mutated-Top 10%
CTAAGAGAGGGGATATT,2.0072240829467773,Mutated-Top 10%
CTTAGAGAGGAGATATT,2.135000228881836,Mutated-Top 10%
CTAAAAGAGGAGTTTTT,1.9257781505584717,Mutated-Top 10%
CAAGGAGAGGAGTCTCT,2.0047895908355713,Mutated-Top 10%
ATACGAGAGGGGATACT,1.9459443092346191,Mutated-Top 10%
CAAAGAGGGGAGGTATT,1.9899144172668457,Mutated-Top 10%
CAAAGAGGGGGGTTATT,1.9254064559936523,Mutated-Top 10%
AGCAGAGAGGAGATATT,1.986419439315796,Mutated-Top 10%
AATAGAGAGGAGATACT,2.0519471168518066,Mutated-Top 10%
TAGAGAGAGGAGTTACT,1.9443774223327637,Mutated-Top 10%
CTAAGAGAGGGGACATT,2.065305233001709,Mutated-Top 10%
AGAAGAGAGGAGATCTT,2.0124340057373047,Mutated-Top 10%
CAAAGAGGGGGGTTTTT,2.024806261062622,Mutated-Top 10%
CAGAGAGAGGAGAAACT,2.0676424503326416,Mutated-Top 10%
CTAAGAGGGGGGATACT,2.0696372985839844,Mutated-Top 10%
TAGAGAGAGGAGATACT,2.104191303253174,Mutated-Top 10%
CTAAGAGAGGGAATATT,1.9421966075897217,Mutated-Top 10%
AATAGAGAGGGGAAACT,2.014599561691284,Mutated-Top 10%
AGAAGAGAGGAGATTCT,1.928109884262085,Mutated-Top 10%
CATAGAGAGGAGATACT,2.190148115158081,Mutated-Top 10%
GTAAGAGAGGAGAAACT,2.050957679748535,Mutated-Top 10%
TATAGAGAGGAGGTACT,2.073808431625366,Mutated-Top 10%
CAAAGCGGGGGGATAGT,1.9214723110198975,Mutated-Top 10%
AACAGAGAGGAGGTACT,1.9241337776184082,Mutated-Top 10%
AGAAGAGAGGAGATAAT,2.195739269256592,Mutated-Top 10%
CAGAGAGAGGAGGTACT,1.9874098300933838,Mutated-Top 10%
ATATGCGGGGGGATTTT,2.0145039558410645,Mutated-Top 10%
CAAAGGGAGGAGATATT,2.0467300415039062,Mutated-Top 10%
AGAAGAGAGGAAATATT,2.074460506439209,Mutated-Top 10%
CTAAGAGAGGGGATAGT,1.9945902824401855,Mutated-Top 10%
ATGAGAGAGGAGATACT,2.11244797706604,Mutated-Top 10%
CGTAGGGAGGAGATATT,1.9693832397460938,Mutated-Top 10%
CTAAGAGGGGAGGTACT,2.024282455444336,Mutated-Top 10%
AAAGGAGAGGAGTCTCT,1.9993674755096436,Mutated-Top 10%
CATAGGGGGGAGATACT,2.1224446296691895,Mutated-Top 10%
AATAGAGGGGAGTTTGT,1.9402999877929688,Mutated-Top 10%
CTTAGAGAGGGGATACT,1.9987075328826904,Mutated-Top 10%
AAGAGGGAGGAGGTACT,2.0036673545837402,Mutated-Top 10%
CAGAGAGAGGAGATATT,2.080521821975708,Mutated-Top 10%
AAGAGTGAGGAGAAACT,1.9772155284881592,Mutated-Top 10%
AGACGAGAGGAGATATT,2.0771775245666504,Mutated-Top 10%
AAAAGGGAGGAGGGACT,1.9574007987976074,Mutated-Top 10%
AAAGGAGAGGAGTTTAT,2.0729620456695557,Mutated-Top 10%
CATAGAGAGGAGGTTCT,1.9951655864715576,Mutated-Top 10%
AATGGAGAGGAGGTACT,1.9772906303405762,Mutated-Top 10%
CTAAGAGAGGAGTTTAT,1.9774713516235352,Mutated-Top 10%
CAAAGAGGGGAGATATT,2.036874771118164,Mutated-Top 10%
CAAGGAGAGGAGGTACT,2.090193510055542,Mutated-Top 10%
ATGGGAGAGGAGATTTT,2.0229289531707764,Mutated-Top 10%
GAGAGAGAGGAGATACT,2.0663840770721436,Mutated-Top 10%
AGAACAGAGGAGATATT,1.9645602703094482,Mutated-Top 10%
ATAAGGGAGGAGATACT,2.0677340030670166,Mutated-Top 10%
GAAAGAGAGGAGATATT,2.020005464553833,Mutated-Top 10%
GAGAGAGAGGAGTTATT,1.938920259475708,Mutated-Top 10%
GATAGAGAGGAGATAGT,1.9912095069885254,Mutated-Top 10%
ATAAGAGAGGAGATCTT,1.9973104000091553,Mutated-Top 10%
GTATGAGAGGAGATACT,2.1018571853637695,Mutated-Top 10%
CTATGAGAGGAGATTCT,2.1025595664978027,Mutated-Top 10%
AAAAGGGAGGAAGTACT,1.9784014225006104,Mutated-Top 10%
CGTAGAGAGGAGATATC,1.9230799674987793,Mutated-Top 10%
TTAAGAGAGGAGATATT,2.0866150856018066,Mutated-Top 10%
TAAGGTGAGGAGATTTT,1.9367554187774658,Mutated-Top 10%
ATGAGAGAGGAGATACC,1.9948663711547852,Mutated-Top 10%
CGTAGAGAGGAGATACT,1.999830722808838,Mutated-Top 10%
AATAGAGAGGAGTTATT,1.9555227756500244,Mutated-Top 10%
AGAAGAGAGGAGAAATT,2.289729595184326,Mutated-Top 10%
GTAAGAGAGGAGACACT,1.9690673351287842,Mutated-Top 10%
CAGAGAGAGGAGATAAT,2.0958828926086426,Mutated-Top 10%
ATAAGAGAGGAGGTATT,2.108093738555908,Mutated-Top 10%
ATTAGAGAGGAGATACT,2.135576009750366,Mutated-Top 10%
CGTAGAGAGGAAATATT,1.9465885162353516,Mutated-Top 10%
AGAAGAGAGGTGATATT,2.0057077407836914,Mutated-Top 10%
AGAAGAGAGGAGATAGT,2.111112594604492,Mutated-Top 10%
CGAAGTGAGGAGAAATT,2.0037341117858887,Mutated-Top 10%
AAAGGAGAGGAGATTTT,2.1691267490386963,Mutated-Top 10%
CACAGAGAGGAGATATT,2.015251636505127,Mutated-Top 10%
CGATGTGAGGAGATATT,1.9351606369018555,Mutated-Top 10%
TAAAGTGAGGAGATTTT,1.9666566848754883,Mutated-Top 10%
CTAGAGGAGGAGGTTCT,1.9887804985046387,Mutated-Top 10%
ATGGGAGAGGAGATACT,2.077731132507324,Mutated-Top 10%
AATGGAGAGGAGTTTAT,1.9306526184082031,Mutated-Top 10%
AATGGAGAGGAGTTTTT,1.9778087139129639,Mutated-Top 10%
CAATGTGAGGAGGTACT,1.9706735610961914,Mutated-Top 10%
CTGAGGGAGGAGATTCT,1.928915023803711,Mutated-Top 10%
ATGAGAGAGGAGATTCT,1.9488122463226318,Mutated-Top 10%
CTGAGAGAGGAGTTTTT,1.92616605758667,Mutated-Top 10%
GATAGAGAGGAGATACT,1.9566662311553955,Mutated-Top 10%
CTATGTGAGGAGATACT,1.9604899883270264,Mutated-Top 10%
ATGAGAGAGGAGATAGT,2.0884721279144287,Mutated-Top 10%
CAGTGAGAGGAGATACT,2.0284271240234375,Mutated-Top 10%
CTATGAGAGGGGATATT,2.218085527420044,Mutated-Top 10%
ATAAGGGAGGAGGTACT,1.995262622833252,Mutated-Top 10%
CAGAGGGAGGAGATACT,2.0473737716674805,Mutated-Top 10%
ACTAGAGAGGGGATACT,1.9415812492370605,Mutated-Top 10%
AAAGGGGAGGAGATTTT,2.031418800354004,Mutated-Top 10%
GTAAGAGAGGGGATATT,1.9299182891845703,Mutated-Top 10%
AAAAGTGAGGAGACTTT,1.9715654850006104,Mutated-Top 10%
ATGAGAGAGGAGAAACT,2.178767442703247,Mutated-Top 10%
AAGAGTGAGGAGATAAT,1.9298501014709473,Mutated-Top 10%
AGAAGAGGGGAGATACT,2.048288345336914,Mutated-Top 10%
AAAAGTGGGGGGATAGT,2.034837484359741,Mutated-Top 10%
AGAGGTGAGGAGATACT,1.931382179260254,Mutated-Top 10%
CTAGGAGAGGAGTTTTT,2.056784152984619,Mutated-Top 10%
AGAAGAGAGGGGTGACT,1.925328016281128,Mutated-Top 10%
ATAAGAGAGGGGAAACT,2.0418434143066406,Mutated-Top 10%
CTAAGAGAGGAGATATT,2.1365671157836914,Mutated-Top 10%
AATAGAGGGGAGGTACT,1.9657726287841797,Mutated-Top 10%
ATAAGAGAGGAGATTTT,2.0940663814544678,Mutated-Top 10%
ATAAGAGGGGGGATTTT,2.096517324447632,Mutated-Top 10%
CGTAGAGGGGAGATACT,1.951112985610962,Mutated-Top 10%
CAAGGAGAGGAGGTTCT,1.9204113483428955,Mutated-Top 10%
CAAAGTGAGGAGATATT,1.925583839416504,Mutated-Top 10%
TAAAGGGAGGAGGTACT,1.999629020690918,Mutated-Top 10%
CAAAGAGAGGAGGTATT,2.028658390045166,Mutated-Top 10%
CAGAGAGGGGAGATACT,1.9559004306793213,Mutated-Top 10%
CAATGCGGGGGGATATT,2.0185129642486572,Mutated-Top 10%
CGATGAGGGGAGATACT,2.0936644077301025,Mutated-Top 10%
GAGAGAGAGGAATTACT,1.9508740901947021,Mutated-Top 10%
AGAAGAGAGGAGGTATT,2.1649329662323,Mutated-Top 10%
AAAAGGGAGGAGGTATT,1.9819631576538086,Mutated-Top 10%
CATAGAGAGGGGATACT,2.0284481048583984,Mutated-Top 10%
AGAATAGAGGAGATATT,2.024212598800659,Mutated-Top 10%
AGAAGAGAGGGGATACT,1.9253575801849365,Mutated-Top 10%
AATGGAGAGGAGATACT,2.0880239009857178,Mutated-Top 10%
CTAAGAGAGGGGATAAT,1.9734513759613037,Mutated-Top 10%
GAGAGGGAGGAGTTACT,2.000197410583496,Mutated-Top 10%
GAAGGAGGGGAGATTTT,1.9609346389770508,Mutated-Top 10%
AAAGGAGAGGAGATTCT,2.0403780937194824,Mutated-Top 10%
AAGAGGGAGGAGATACT,2.1133804321289062,Mutated-Top 10%
GAAGGAGAGGAGTTACT,2.035600185394287,Mutated-Top 10%
CATAGAGAGGAGGTACT,2.1677725315093994,Mutated-Top 10%
AAAGGAGAGGAGTTACT,2.030571222305298,Mutated-Top 10%
TGAGGTGAGGAGATACT,1.9486782550811768,Mutated-Top 10%
CAGAGAGAGGAGATAGT,1.9616546630859375,Mutated-Top 10%
AAAAGGGAGGAGTTTTT,1.9829747676849365,Mutated-Top 10%
ATATGAGAGGAGATATT,2.347672700881958,Mutated-Top 10%
CAAGGAGAGGAGTTTTT,2.0307986736297607,Mutated-Top 10%
CTATGCGAGGGGATATT,1.9613687992095947,Mutated-Top 10%
CCAAGAGAGGAGATATT,2.005502462387085,Mutated-Top 10%
CTAGGAGAGGAGATTCT,2.0511131286621094,Mutated-Top 10%
GAGAGAGAGGAGGTACT,1.9920885562896729,Mutated-Top 10%
AAGAGTGAGGAGACACT,1.9546427726745605,Mutated-Top 10%
CTGAGAGAGGAGATACT,2.026876449584961,Mutated-Top 10%
GTAAGAGAGGAGATATT,2.0410993099212646,Mutated-Top 10%
CTAAGAGGGGAGATTCT,1.980858564376831,Mutated-Top 10%
AGAGGTGAGGAGATATT,2.017132043838501,Mutated-Top 10%
CGAAGAGGGGGGATACT,1.9682767391204834,Mutated-Top 10%
AGAAGAGAGGAGACATT,2.239340305328369,Mutated-Top 10%
ATTAGAGGGGAGTTATT,2.0103261470794678,Mutated-Top 10%
CTAAGAGGGGGGATATT,2.136392593383789,Mutated-Top 10%
ATAAGAGAGGGGAGACT,1.9228475093841553,Mutated-Top 10%
AGAAGGGAGGAGATATT,2.0796852111816406,Mutated-Top 10%
AGTAGAGAGGAGGTACT,2.0047740936279297,Mutated-Top 10%
CGTAGAGAGGAGTTTTT,1.9352467060089111,Mutated-Top 10%
GAGAGAGAGGAGTCACT,1.9193651676177979,Mutated-Top 10%
CATGGAGAGGGGATACT,1.9200377464294434,Mutated-Top 10%
AGAAGCGAGGAGATATT,1.9544448852539062,Mutated-Top 10%
AGAAGCGAGGAGGTATT,1.9876976013183594,Mutated-Top 10%
CTATGCGGGGGGATACT,1.9302279949188232,Mutated-Top 10%
GATAGAGAGGAGAGACT,1.9248878955841064,Mutated-Top 10%
CGATGCGAGGAGGTACT,1.9662315845489502,Mutated-Top 10%
TATAGAGGGGAGTTATT,2.0192723274230957,Mutated-Top 10%
CAGAGAGAGGAGAGACT,1.975759506225586,Mutated-Top 10%
CGTAGAGAGGAGATTTT,2.0260612964630127,Mutated-Top 10%
ATGAGAGAGGAGATATT,2.2383787631988525,Mutated-Top 10%
CAAAGAGAGGAAATATT,1.939286470413208,Mutated-Top 10%
CAAAGAGAGGAGATATC,1.9536323547363281,Mutated-Top 10%
ATAAGAGAGGGGATACT,1.9776959419250488,Mutated-Top 10%
TGAAGAGAGGGGATACT,1.999903917312622,Mutated-Top 10%
ATAAGAGAGGAGTTTTT,1.9984140396118164,Mutated-Top 10%
GATAGAGGGGGGATACT,1.9691004753112793,Mutated-Top 10%
AATAGAGAGGAGGAACT,2.156932830810547,Mutated-Top 10%
AAAATGGAGGAGGTACT,2.0120553970336914,Mutated-Top 10%
CATAGAGGGGAGATACT,2.185434341430664,Mutated-Top 10%
CGAAGTGAGGAGACATT,1.999382734298706,Mutated-Top 10%
TATAGAGAGGAGATACT,2.109741687774658,Mutated-Top 10%
CAACGAGAGGAGATATT,1.9558038711547852,Mutated-Top 10%
AGAGGGGAGGAGATACT,2.182774305343628,Mutated-Top 10%
CCAAGAGGGGAGATACT,1.9425466060638428,Mutated-Top 10%
GAATGAGAGGAGTTACT,1.9709360599517822,Mutated-Top 10%
CTGAGAGAGGAGAATCT,1.9481048583984375,Mutated-Top 10%
ATTAGAGAGGAGATATT,2.2549612522125244,Mutated-Top 10%
ATGAGAGAGGAGACACT,2.146709680557251,Mutated-Top 10%
AAAAGGGAGGAGGAACT,2.057267904281616,Mutated-Top 10%
CGTAGAGGGGAGATATT,1.9918932914733887,Mutated-Top 10%
CGAGGAGAGGAGATACT,2.145948648452759,Mutated-Top 10%
AAAAGGGAGGAGGTAGT,1.950007677078247,Mutated-Top 10%
ATACGAGAGGAGATATT,2.1073248386383057,Mutated-Top 10%
ATTAGGGAGGAGATACT,2.1261022090911865,Mutated-Top 10%
CATAGCGAGGAGGTACT,1.9432811737060547,Mutated-Top 10%
CAAGGAGAGGAATTTCT,1.9258842468261719,Mutated-Top 10%
AGAAGGGAAAGGCTATT,1.384366750717163,STORM-Top 10%
AGAAGGGAAAGGCTATT,1.384366750717163,STORM-Top 10%
